-- MySQL dump 10.13  Distrib 8.0.36, for Win64 (x86_64)
--
-- Host: localhost    Database: rend_academico
-- ------------------------------------------------------
-- Server version	8.0.36

/*!40101 SET @OLD_CHARACTER_SET_CLIENT=@@CHARACTER_SET_CLIENT */;
/*!40101 SET @OLD_CHARACTER_SET_RESULTS=@@CHARACTER_SET_RESULTS */;
/*!40101 SET @OLD_COLLATION_CONNECTION=@@COLLATION_CONNECTION */;
/*!50503 SET NAMES utf8 */;
/*!40103 SET @OLD_TIME_ZONE=@@TIME_ZONE */;
/*!40103 SET TIME_ZONE='+00:00' */;
/*!40014 SET @OLD_UNIQUE_CHECKS=@@UNIQUE_CHECKS, UNIQUE_CHECKS=0 */;
/*!40014 SET @OLD_FOREIGN_KEY_CHECKS=@@FOREIGN_KEY_CHECKS, FOREIGN_KEY_CHECKS=0 */;
/*!40101 SET @OLD_SQL_MODE=@@SQL_MODE, SQL_MODE='NO_AUTO_VALUE_ON_ZERO' */;
/*!40111 SET @OLD_SQL_NOTES=@@SQL_NOTES, SQL_NOTES=0 */;

--
-- Table structure for table `dim_curso`
--

DROP TABLE IF EXISTS `dim_curso`;
/*!40101 SET @saved_cs_client     = @@character_set_client */;
/*!50503 SET character_set_client = utf8mb4 */;
CREATE TABLE `dim_curso` (
  `curso_id` int NOT NULL AUTO_INCREMENT,
  `nombre` varchar(255) DEFAULT NULL,
  `creditos` int DEFAULT NULL,
  `nombre_profesor` varchar(255) DEFAULT NULL,
  `apellido_profesor` varchar(255) DEFAULT NULL,
  PRIMARY KEY (`curso_id`)
) ENGINE=InnoDB AUTO_INCREMENT=51 DEFAULT CHARSET=utf8mb4 COLLATE=utf8mb4_0900_ai_ci;
/*!40101 SET character_set_client = @saved_cs_client */;

--
-- Dumping data for table `dim_curso`
--

LOCK TABLES `dim_curso` WRITE;
/*!40000 ALTER TABLE `dim_curso` DISABLE KEYS */;
INSERT INTO `dim_curso` VALUES (1,'Calculo1',3,'Luis','Torres'),(2,'Sociología1',4,'Juan','González'),(3,'Arte1',4,'María','López'),(4,'Bellas Artes1',4,'Pedro','Martínez'),(5,'Turismo1',4,'Ana','Pérez'),(6,'Ing. Eléctrica1',4,'Luis','Rodríguez'),(7,'Higiene y Seguridad1',3,'Laura','Sánchez'),(8,'Diseño Gráfico',4,'Carlos','Gómez'),(9,'Cálculo2',3,'Sofía','Díaz'),(10,'Marketing1',4,'Javier','Hernández'),(11,'Ing. Civil1',4,'Gabriela','Torres'),(12,'Física1',4,'Alejandro','Ruiz'),(13,'Inglés1',3,'Paula','Ramírez'),(14,'Dibujo1',3,'Daniel','Flores'),(15,'Nutrición',3,'Verónica','Gutiérrez'),(16,'Geografía1',3,'Martín','Jiménez'),(17,'Gastronomía',3,'Valeria','Núñez'),(18,'Literatura',3,'Roberto','Santos'),(19,'Cardiología1',4,'Adriana','Mendoza'),(20,'Psiquiatría',4,'Raúl','Vargas'),(21,'Ing. de Sistemas1',3,'Natalia','Cabrera'),(22,'Música1',4,'Fernando','Ortega'),(23,'Álgebra1',4,'Elena','Martell'),(24,'Calculo1',3,'José','Silva'),(25,'Ing. Química1',3,'Susana','Luna'),(26,'Derecho Administrativo',3,'Miguel','Navarro'),(27,'Comunicación1',4,'Paola','Valencia'),(28,'Psicología1',4,'Andrés','Paz'),(29,'Química1',4,'Carolina','Salazar'),(30,'Programación1',4,'Roberto','Mora'),(31,'Ing. Mecánica1',3,'Valentina','León'),(32,'Teatro1',4,'Diego','Flores'),(33,'Pediatría1',4,'Camila','García'),(34,'Estadística1',4,'Felipe','Herrera'),(35,'Biología1',4,'Sara','Torres'),(36,'Historia',3,'Roberto','López'),(37,'Arquitectura',3,'Julia','Cruz'),(38,'Filosofía1',4,'Gonzalo','Aguilar'),(39,'Agua1',3,'Lucía','Fuentes'),(40,'Teología1',4,'Eduardo','Castro'),(41,'Relaciones Internacionales1',3,'Alicia','Rojas'),(42,'Fotografía1',4,'Roberto','Morales'),(43,'Ing. Industrial1',4,'Gabriela','Muñoz'),(44,'Administración de Empresas1',4,'Martín','Fernández'),(45,'Economía1',3,'Florencia','Pérez'),(46,'Oftalmología1',3,'Juan','Gómez'),(47,'Neurología1',3,'Carla','Jiménez'),(48,'Odontología1',4,'Andrea','Hernández'),(49,'Cine y Televisión',4,'Martín','Fernández'),(50,'Ing. Eléctrica1',4,'Juan','Gómez');
/*!40000 ALTER TABLE `dim_curso` ENABLE KEYS */;
UNLOCK TABLES;

--
-- Table structure for table `dim_estudiante`
--

DROP TABLE IF EXISTS `dim_estudiante`;
/*!40101 SET @saved_cs_client     = @@character_set_client */;
/*!50503 SET character_set_client = utf8mb4 */;
CREATE TABLE `dim_estudiante` (
  `estudiante_id` int NOT NULL AUTO_INCREMENT,
  `nombre` varchar(255) DEFAULT NULL,
  `apellido` varchar(255) DEFAULT NULL,
  `correo` varchar(255) DEFAULT NULL,
  `direccion` varchar(255) DEFAULT NULL,
  `carrera` varchar(255) DEFAULT NULL,
  PRIMARY KEY (`estudiante_id`)
) ENGINE=InnoDB AUTO_INCREMENT=501 DEFAULT CHARSET=utf8mb4 COLLATE=utf8mb4_0900_ai_ci;
/*!40101 SET character_set_client = @saved_cs_client */;

--
-- Dumping data for table `dim_estudiante`
--

LOCK TABLES `dim_estudiante` WRITE;
/*!40000 ALTER TABLE `dim_estudiante` DISABLE KEYS */;
INSERT INTO `dim_estudiante` VALUES (1,'Jorge','Morales','jorge.morales0@upb.edu','Calle 649 #66','Ingeniería en Sistemas Computacionales'),(2,'Roberto','Sanchez','roberto.sanchez1@upb.edu','Calle 503 #25','Ingeniería en Software'),(3,'Andres','Mendoza','andres.mendoza2@upb.edu','Calle 331 #49','Ingeniería Industrial'),(4,'Marta','Sanchez','marta.sanchez3@upb.edu','Calle 86 #13','Ingeniería en Sistemas Computacionales'),(5,'Maria','Mendoza','maria.mendoza4@upb.edu','Calle 104 #53','Ingeniería Civil'),(6,'Juan','Garcia','juan.garcia5@upb.edu','Calle 517 #21','Ingeniería en Sistemas Computacionales'),(7,'Carlos','Ortega','carlos.ortega6@upb.edu','Calle 826 #13','Ingeniería en Software'),(8,'Marta','Perez','marta.perez7@upb.edu','Calle 140 #74','Ingeniería Civil'),(9,'Marta','Gonzalez','marta.gonzalez8@upb.edu','Calle 8 #8','Ingeniería en Software'),(10,'Miguel','Perez','miguel.perez9@upb.edu','Calle 675 #10','Ingeniería Ambiental'),(11,'Isabel','Vargas','isabel.vargas10@upb.edu','Calle 412 #24','Ingeniería en Telecomunicaciones'),(12,'Andres','Morales','andres.morales11@upb.edu','Calle 547 #62','Ingeniería Biomédica'),(13,'Carlos','Ortega','carlos.ortega12@upb.edu','Calle 276 #50','Ingeniería Mecánica'),(14,'Lucia','Sanchez','lucia.sanchez13@upb.edu','Calle 176 #59','Ingeniería Civil'),(15,'Carmen','Sanchez','carmen.sanchez14@upb.edu','Calle 172 #62','Ingeniería Biomédica'),(16,'Ana','Suarez','ana.suarez15@upb.edu','Calle 188 #14','Ingeniería Electrónica'),(17,'Roberto','Martinez','roberto.martinez16@upb.edu','Calle 550 #73','Ingeniería en Telecomunicaciones'),(18,'Roberto','Mendoza','roberto.mendoza17@upb.edu','Calle 82 #58','Ingeniería en Sistemas Computacionales'),(19,'Roberto','Perez','roberto.perez18@upb.edu','Calle 798 #73','Ingeniería Biomédica'),(20,'Angela','Castro','angela.castro19@upb.edu','Calle 226 #100','Ingeniería en Telecomunicaciones'),(21,'David','Mendoza','david.mendoza20@upb.edu','Calle 628 #5','Ingeniería en Software'),(22,'Maria','Suarez','maria.suarez21@upb.edu','Calle 151 #88','Ingeniería Mecánica'),(23,'Juan','Rojas','juan.rojas22@upb.edu','Calle 90 #21','Ingeniería Civil'),(24,'Maria','Navarro','maria.navarro23@upb.edu','Calle 139 #96','Ingeniería en Telecomunicaciones'),(25,'Miguel','Suarez','miguel.suarez24@upb.edu','Calle 601 #77','Ingeniería Electrónica'),(26,'Pedro','Fernandez','pedro.fernandez25@upb.edu','Calle 357 #30','Ingeniería en Software'),(27,'Pedro','Ramirez','pedro.ramirez26@upb.edu','Calle 192 #35','Ingeniería Mecánica'),(28,'Maria','Gonzalez','maria.gonzalez27@upb.edu','Calle 646 #60','Ingenieria en Sistemas computacionales'),(29,'Isabel','Hernandez','isabel.hernandez28@upb.edu','Calle 462 #68','Ingeniería Industrial'),(30,'Laura','Ortega','laura.ortega29@upb.edu','Calle 488 #40','Ingeniería Química'),(31,'Elena','Fernandez','elena.fernandez30@upb.edu','Calle 773 #10','Ingeniería en Telecomunicaciones'),(32,'Pedro','Ortega','pedro.ortega31@upb.edu','Calle 487 #78','Ingeniería Industrial'),(33,'Laura','Rojas','laura.rojas32@upb.edu','Calle 934 #74','Ingeniería Industrial'),(34,'Jose','Morales','jose.morales33@upb.edu','Calle 210 #42','Ingeniería Mecánica'),(35,'Juan','Perez','juan.perez34@upb.edu','Calle 388 #7','Ingenieria en Sistemas computacionales'),(36,'Carlos','Romero','carlos.romero35@upb.edu','Calle 783 #28','Ingeniería Química'),(37,'Jorge','Morales','jorge.morales36@upb.edu','Calle 283 #43','Ingeniería en Telecomunicaciones'),(38,'David','Morales','david.morales37@upb.edu','Calle 670 #35','Ingeniería en Sistemas Computacionales'),(39,'Lucia','Romero','lucia.romero38@upb.edu','Calle 999 #19','Ingeniería en Telecomunicaciones'),(40,'David','Rojas','david.rojas39@upb.edu','Calle 733 #81','Ingeniería Ambiental'),(41,'Elena','Vargas','elena.vargas40@upb.edu','Calle 719 #63','Ingeniería Biomédica'),(42,'Andres','Ramirez','andres.ramirez41@upb.edu','Calle 782 #49','Ingeniería Civil'),(43,'Roberto','Fernandez','roberto.fernandez42@upb.edu','Calle 841 #17','Ingeniería Civil'),(44,'Ana','Navarro','ana.navarro43@upb.edu','Calle 377 #5','Ingeniería Mecánica'),(45,'Lucia','Hernandez','lucia.hernandez44@upb.edu','Calle 558 #83','Ingeniería en Software'),(46,'Angela','Castro','angela.castro45@upb.edu','Calle 818 #8','Ingeniería en Sistemas Computacionales'),(47,'Carmen','Vargas','carmen.vargas46@upb.edu','Calle 28 #45','Ingeniería en Software'),(48,'Maria','Rodriguez','maria.rodriguez47@upb.edu','Calle 329 #49','Ingeniería en Telecomunicaciones'),(49,'Ana','Vargas','ana.vargas48@upb.edu','Calle 481 #71','Ingeniería en Sistemas Computacionales'),(50,'Juan','Morales','juan.morales49@upb.edu','Calle 938 #36','Ingeniería Ambiental'),(51,'Jose','Lopez','jose.lopez50@upb.edu','Calle 69 #33','Ingeniería Mecánica'),(52,'Maria','Rodriguez','maria.rodriguez51@upb.edu','Calle 260 #89','Ingeniería Industrial'),(53,'Marta','Castro','marta.castro52@upb.edu','Calle 281 #100','Ingeniería Mecánica'),(54,'Elena','Mendoza','elena.mendoza53@upb.edu','Calle 58 #37','Ingeniería en Telecomunicaciones'),(55,'Jorge','Vargas','jorge.vargas54@upb.edu','Calle 910 #79','Ingeniería Mecánica'),(56,'Pedro','Perez','pedro.perez55@upb.edu','Calle 231 #28','Ingeniería Ambiental'),(57,'Laura','Hernandez','laura.hernandez56@upb.edu','Calle 144 #54','Ingeniería Electrónica'),(58,'Ana','Martinez','ana.martinez57@upb.edu','Calle 514 #61','Ingeniería en Sistemas Computacionales'),(59,'Carlos','Rojas','carlos.rojas58@upb.edu','Calle 507 #74','Ingeniería Mecánica'),(60,'Miguel','Sanchez','miguel.sanchez59@upb.edu','Calle 410 #34','Ingeniería en Sistemas Computacionales'),(61,'David','Rodriguez','david.rodriguez60@upb.edu','Calle 46 #54','Ingeniería en Telecomunicaciones'),(62,'Jose','Fernandez','jose.fernandez61@upb.edu','Calle 134 #55','Ingeniería en Sistemas Computacionales'),(63,'Roberto','Mendoza','roberto.mendoza62@upb.edu','Calle 556 #50','Ingeniería Industrial'),(64,'Laura','Navarro','laura.navarro63@upb.edu','Calle 572 #17','Ingeniería Electrónica'),(65,'Marta','Sanchez','marta.sanchez64@upb.edu','Calle 459 #65','Ingeniería Civil'),(66,'Jorge','Navarro','jorge.navarro65@upb.edu','Calle 866 #36','Ingeniería Civil'),(67,'Ana','Hernandez','ana.hernandez66@upb.edu','Calle 971 #85','Ingeniería en Telecomunicaciones'),(68,'Ana','Lopez','ana.lopez67@upb.edu','Calle 682 #9','Ingeniería Electrónica'),(69,'Carmen','Ortega','carmen.ortega68@upb.edu','Calle 481 #36','Ingeniería Ambiental'),(70,'Roberto','Ortega','roberto.ortega69@upb.edu','Calle 754 #50','Ingeniería Ambiental'),(71,'Pedro','Gonzalez','pedro.gonzalez70@upb.edu','Calle 441 #21','Ingeniería en Software'),(72,'Jose','Ramirez','jose.ramirez71@upb.edu','Calle 492 #35','Ingeniería Química'),(73,'Roberto','Suarez','roberto.suarez72@upb.edu','Calle 29 #47','Ingeniería Ambiental'),(74,'Angela','Navarro','angela.navarro73@upb.edu','Calle 42 #54','Ingeniería en Software'),(75,'Carlos','Fernandez','carlos.fernandez74@upb.edu','Calle 357 #21','Ingeniería Química'),(76,'Jorge','Garcia','jorge.garcia75@upb.edu','Calle 765 #87','Ingeniería Mecánica'),(77,'Luis','Suarez','luis.suarez76@upb.edu','Calle 527 #69','Ingeniería Electrónica'),(78,'David','Rodriguez','david.rodriguez77@upb.edu','Calle 117 #20','Ingeniería Civil'),(79,'Pedro','Suarez','pedro.suarez78@upb.edu','Calle 780 #31','Ingeniería Industrial'),(80,'Maria','Romero','maria.romero79@upb.edu','Calle 358 #96','Ingeniería en Telecomunicaciones'),(81,'Lucia','Fernandez','lucia.fernandez80@upb.edu','Calle 14 #55','Ingeniería Biomédica'),(82,'Miguel','Garcia','miguel.garcia81@upb.edu','Calle 557 #47','Ingeniería Industrial'),(83,'Roberto','Morales','roberto.morales82@upb.edu','Calle 162 #20','Ingenieria en Sistemas computacionales'),(84,'Angela','Morales','angela.morales83@upb.edu','Calle 681 #75','Ingeniería Industrial'),(85,'Maria','Navarro','maria.navarro84@upb.edu','Calle 868 #92','Ingenieria en Sistemas computacionales'),(86,'Miguel','Rojas','miguel.rojas85@upb.edu','Calle 565 #87','Ingeniería Civil'),(87,'Jorge','Rodriguez','jorge.rodriguez86@upb.edu','Calle 268 #97','Ingeniería Industrial'),(88,'Ana','Vargas','ana.vargas87@upb.edu','Calle 753 #58','Ingeniería Química'),(89,'Juan','Sanchez','juan.sanchez88@upb.edu','Calle 851 #8','Ingeniería Biomédica'),(90,'Elena','Sanchez','elena.sanchez89@upb.edu','Calle 572 #65','Ingeniería en Telecomunicaciones'),(91,'Luis','Martinez','luis.martinez90@upb.edu','Calle 704 #34','Ingeniería Civil'),(92,'Miguel','Perez','miguel.perez91@upb.edu','Calle 876 #14','Ingeniería en Software'),(93,'Sofia','Navarro','sofia.navarro92@upb.edu','Calle 800 #19','Ingeniería Biomédica'),(94,'Ana','Ortega','ana.ortega93@upb.edu','Calle 508 #38','Ingenieria en Sistemas computacionales'),(95,'Laura','Romero','laura.romero94@upb.edu','Calle 883 #3','Ingeniería en Software'),(96,'Lucia','Rodriguez','lucia.rodriguez95@upb.edu','Calle 438 #85','Ingeniería en Telecomunicaciones'),(97,'Lucia','Suarez','lucia.suarez96@upb.edu','Calle 25 #32','Ingeniería Química'),(98,'Roberto','Suarez','roberto.suarez97@upb.edu','Calle 485 #59','Ingeniería Civil'),(99,'Carmen','Vargas','carmen.vargas98@upb.edu','Calle 623 #18','Ingeniería Ambiental'),(100,'Isabel','Ramirez','isabel.ramirez99@upb.edu','Calle 967 #5','Ingeniería en Telecomunicaciones'),(101,'Jose','Mendoza','jose.mendoza100@upb.edu','Calle 23 #89','Ingeniería Civil'),(102,'Sofia','Rojas','sofia.rojas101@upb.edu','Calle 897 #42','Ingeniería Química'),(103,'Lucia','Perez','lucia.perez102@upb.edu','Calle 859 #37','Ingeniería Ambiental'),(104,'Carmen','Rodriguez','carmen.rodriguez103@upb.edu','Calle 46 #4','Ingeniería Ambiental'),(105,'Carlos','Hernandez','carlos.hernandez104@upb.edu','Calle 723 #42','Ingenieria en Sistemas computacionales'),(106,'Laura','Reyes','laura.reyes105@upb.edu','Calle 324 #14','Ingeniería en Sistemas Computacionales'),(107,'Andres','Mendoza','andres.mendoza106@upb.edu','Calle 592 #93','Ingeniería en Telecomunicaciones'),(108,'Roberto','Rodriguez','roberto.rodriguez107@upb.edu','Calle 674 #78','Ingeniería en Sistemas Computacionales'),(109,'Jorge','Garcia','jorge.garcia108@upb.edu','Calle 506 #61','Ingeniería Industrial'),(110,'Ana','Suarez','ana.suarez109@upb.edu','Calle 1 #6','Ingeniería Industrial'),(111,'Sofia','Castro','sofia.castro110@upb.edu','Calle 107 #91','Ingeniería Industrial'),(112,'Angela','Lopez','angela.lopez111@upb.edu','Calle 668 #32','Ingeniería en Software'),(113,'Luis','Ortega','luis.ortega112@upb.edu','Calle 893 #31','Ingeniería Biomédica'),(114,'Lucia','Lopez','lucia.lopez113@upb.edu','Calle 132 #62','Ingeniería Mecánica'),(115,'Roberto','Reyes','roberto.reyes114@upb.edu','Calle 567 #58','Ingeniería Civil'),(116,'Miguel','Hernandez','miguel.hernandez115@upb.edu','Calle 739 #27','Ingeniería Biomédica'),(117,'Lucia','Martinez','lucia.martinez116@upb.edu','Calle 922 #12','Ingeniería Mecánica'),(118,'Ana','Garcia','ana.garcia117@upb.edu','Calle 542 #27','Ingeniería Electrónica'),(119,'David','Rodriguez','david.rodriguez118@upb.edu','Calle 780 #30','Ingeniería Civil'),(120,'Elena','Mendoza','elena.mendoza119@upb.edu','Calle 8 #29','Ingeniería Biomédica'),(121,'Carlos','Reyes','carlos.reyes120@upb.edu','Calle 390 #21','Ingeniería Electrónica'),(122,'Jorge','Vargas','jorge.vargas121@upb.edu','Calle 108 #2','Ingeniería Química'),(123,'Jorge','Ramirez','jorge.ramirez122@upb.edu','Calle 472 #67','Ingeniería en Telecomunicaciones'),(124,'Ana','Mendoza','ana.mendoza123@upb.edu','Calle 245 #16','Ingeniería Ambiental'),(125,'Juan','Vargas','juan.vargas124@upb.edu','Calle 24 #88','Ingeniería Mecánica'),(126,'Isabel','Fernandez','isabel.fernandez125@upb.edu','Calle 674 #90','Ingeniería Mecánica'),(127,'Juan','Rodriguez','juan.rodriguez126@upb.edu','Calle 903 #86','Ingeniería Química'),(128,'Elena','Ortega','elena.ortega127@upb.edu','Calle 547 #82','Ingeniería en Software'),(129,'Luis','Reyes','luis.reyes128@upb.edu','Calle 806 #12','Ingeniería en Sistemas Computacionales'),(130,'David','Rodriguez','david.rodriguez129@upb.edu','Calle 279 #61','Ingeniería Biomédica'),(131,'Carmen','Lopez','carmen.lopez130@upb.edu','Calle 999 #76','Ingeniería Electrónica'),(132,'Sofia','Romero','sofia.romero131@upb.edu','Calle 732 #91','Ingenieria en Sistemas computacionales'),(133,'Carlos','Gonzalez','carlos.gonzalez132@upb.edu','Calle 676 #11','Ingeniería Biomédica'),(134,'Andres','Rodriguez','andres.rodriguez133@upb.edu','Calle 876 #51','Ingeniería Mecánica'),(135,'Jorge','Rojas','jorge.rojas134@upb.edu','Calle 55 #5','Ingeniería Biomédica'),(136,'Maria','Navarro','maria.navarro135@upb.edu','Calle 242 #22','Ingeniería en Telecomunicaciones'),(137,'Luis','Sanchez','luis.sanchez136@upb.edu','Calle 25 #43','Ingeniería Ambiental'),(138,'Miguel','Suarez','miguel.suarez137@upb.edu','Calle 757 #75','Ingeniería Química'),(139,'Andres','Perez','andres.perez138@upb.edu','Calle 173 #85','Ingeniería en Sistemas Computacionales'),(140,'Angela','Lopez','angela.lopez139@upb.edu','Calle 650 #68','Ingeniería Química'),(141,'Juan','Rojas','juan.rojas140@upb.edu','Calle 103 #48','Ingeniería Biomédica'),(142,'Andres','Perez','andres.perez141@upb.edu','Calle 617 #40','Ingeniería Industrial'),(143,'Carlos','Rojas','carlos.rojas142@upb.edu','Calle 250 #90','Ingeniería Biomédica'),(144,'Jose','Sanchez','jose.sanchez143@upb.edu','Calle 510 #62','Ingeniería Biomédica'),(145,'Sofia','Mendoza','sofia.mendoza144@upb.edu','Calle 969 #30','Ingeniería Industrial'),(146,'Carmen','Rodriguez','carmen.rodriguez145@upb.edu','Calle 772 #82','Ingeniería Ambiental'),(147,'David','Morales','david.morales146@upb.edu','Calle 610 #70','Ingeniería en Software'),(148,'Elena','Rojas','elena.rojas147@upb.edu','Calle 196 #51','Ingeniería en Software'),(149,'Ana','Suarez','ana.suarez148@upb.edu','Calle 652 #34','Ingeniería Civil'),(150,'Elena','Ortega','elena.ortega149@upb.edu','Calle 538 #15','Ingeniería Mecánica'),(151,'Luis','Hernandez','luis.hernandez150@upb.edu','Calle 115 #30','Ingeniería Industrial'),(152,'Andres','Morales','andres.morales151@upb.edu','Calle 189 #68','Ingeniería Química'),(153,'Jorge','Morales','jorge.morales152@upb.edu','Calle 963 #22','Ingeniería Civil'),(154,'Marta','Gonzalez','marta.gonzalez153@upb.edu','Calle 88 #17','Ingeniería Ambiental'),(155,'Angela','Suarez','angela.suarez154@upb.edu','Calle 719 #66','Ingeniería Civil'),(156,'Carmen','Vargas','carmen.vargas155@upb.edu','Calle 358 #46','Ingeniería Ambiental'),(157,'Laura','Perez','laura.perez156@upb.edu','Calle 220 #52','Ingeniería en Telecomunicaciones'),(158,'Miguel','Romero','miguel.romero157@upb.edu','Calle 89 #73','Ingeniería Química'),(159,'Isabel','Lopez','isabel.lopez158@upb.edu','Calle 555 #36','Ingeniería Ambiental'),(160,'Maria','Mendoza','maria.mendoza159@upb.edu','Calle 206 #24','Ingeniería en Sistemas Computacionales'),(161,'Jorge','Vargas','jorge.vargas160@upb.edu','Calle 361 #8','Ingeniería en Software'),(162,'Isabel','Fernandez','isabel.fernandez161@upb.edu','Calle 616 #69','Ingeniería en Telecomunicaciones'),(163,'Sofia','Rojas','sofia.rojas162@upb.edu','Calle 5 #57','Ingeniería Mecánica'),(164,'Andres','Fernandez','andres.fernandez163@upb.edu','Calle 380 #69','Ingeniería en Software'),(165,'Marta','Ramirez','marta.ramirez164@upb.edu','Calle 873 #23','Ingeniería Química'),(166,'Angela','Vargas','angela.vargas165@upb.edu','Calle 367 #8','Ingeniería Electrónica'),(167,'Elena','Garcia','elena.garcia166@upb.edu','Calle 669 #81','Ingeniería Civil'),(168,'Juan','Suarez','juan.suarez167@upb.edu','Calle 40 #22','Ingeniería Biomédica'),(169,'Roberto','Martinez','roberto.martinez168@upb.edu','Calle 369 #11','Ingeniería en Software'),(170,'Isabel','Martinez','isabel.martinez169@upb.edu','Calle 519 #100','Ingeniería en Telecomunicaciones'),(171,'Laura','Morales','laura.morales170@upb.edu','Calle 21 #38','Ingeniería Química'),(172,'Carmen','Martinez','carmen.martinez171@upb.edu','Calle 546 #62','Ingeniería Química'),(173,'Laura','Suarez','laura.suarez172@upb.edu','Calle 352 #29','Ingeniería en Telecomunicaciones'),(174,'Sofia','Hernandez','sofia.hernandez173@upb.edu','Calle 612 #57','Ingeniería Civil'),(175,'Juan','Ramirez','juan.ramirez174@upb.edu','Calle 663 #34','Ingeniería Industrial'),(176,'Laura','Reyes','laura.reyes175@upb.edu','Calle 996 #84','Ingeniería Biomédica'),(177,'Pedro','Romero','pedro.romero176@upb.edu','Calle 581 #21','Ingeniería Biomédica'),(178,'Jorge','Lopez','jorge.lopez177@upb.edu','Calle 876 #99','Ingeniería Química'),(179,'Carmen','Vargas','carmen.vargas178@upb.edu','Calle 327 #61','Ingenieria en Sistemas computacionales'),(180,'Luis','Ortega','luis.ortega179@upb.edu','Calle 5 #61','Ingeniería Ambiental'),(181,'Luis','Rojas','luis.rojas180@upb.edu','Calle 251 #64','Ingeniería Ambiental'),(182,'Andres','Perez','andres.perez181@upb.edu','Calle 252 #6','Ingeniería Industrial'),(183,'Carlos','Rojas','carlos.rojas182@upb.edu','Calle 99 #41','Ingeniería Mecánica'),(184,'Andres','Hernandez','andres.hernandez183@upb.edu','Calle 48 #84','Ingeniería Civil'),(185,'Isabel','Rodriguez','isabel.rodriguez184@upb.edu','Calle 981 #14','Ingeniería Ambiental'),(186,'Maria','Rodriguez','maria.rodriguez185@upb.edu','Calle 570 #25','Ingeniería Ambiental'),(187,'Pedro','Rojas','pedro.rojas186@upb.edu','Calle 731 #68','Ingeniería Electrónica'),(188,'Elena','Navarro','elena.navarro187@upb.edu','Calle 310 #16','Ingeniería en Telecomunicaciones'),(189,'Lucia','Garcia','lucia.garcia188@upb.edu','Calle 894 #87','Ingeniería Química'),(190,'Andres','Suarez','andres.suarez189@upb.edu','Calle 823 #80','Ingeniería Electrónica'),(191,'Elena','Garcia','elena.garcia190@upb.edu','Calle 153 #28','Ingeniería Mecánica'),(192,'Laura','Ortega','laura.ortega191@upb.edu','Calle 212 #65','Ingeniería Química'),(193,'Luis','Vargas','luis.vargas192@upb.edu','Calle 506 #28','Ingeniería Química'),(194,'Elena','Navarro','elena.navarro193@upb.edu','Calle 218 #30','Ingeniería en Sistemas Computacionales'),(195,'Maria','Perez','maria.perez194@upb.edu','Calle 349 #80','Ingenieria en Sistemas computacionales'),(196,'Juan','Reyes','juan.reyes195@upb.edu','Calle 262 #54','Ingeniería Biomédica'),(197,'Miguel','Perez','miguel.perez196@upb.edu','Calle 630 #91','Ingeniería en Software'),(198,'Andres','Fernandez','andres.fernandez197@upb.edu','Calle 334 #76','Ingeniería Ambiental'),(199,'Andres','Reyes','andres.reyes198@upb.edu','Calle 371 #69','Ingeniería Química'),(200,'Carmen','Fernandez','carmen.fernandez199@upb.edu','Calle 671 #41','Ingeniería Mecánica'),(201,'Luis','Romero','luis.romero200@upb.edu','Calle 610 #79','Ingeniería Electrónica'),(202,'Angela','Navarro','angela.navarro201@upb.edu','Calle 902 #17','Ingeniería en Software'),(203,'Ana','Romero','ana.romero202@upb.edu','Calle 469 #43','Ingeniería Ambiental'),(204,'Sofia','Castro','sofia.castro203@upb.edu','Calle 849 #48','Ingeniería Ambiental'),(205,'Roberto','Morales','roberto.morales204@upb.edu','Calle 481 #34','Ingeniería Química'),(206,'Elena','Romero','elena.romero205@upb.edu','Calle 99 #82','Ingeniería Industrial'),(207,'Elena','Gonzalez','elena.gonzalez206@upb.edu','Calle 459 #90','Ingeniería Química'),(208,'Carmen','Martinez','carmen.martinez207@upb.edu','Calle 546 #100','Ingeniería Mecánica'),(209,'Maria','Mendoza','maria.mendoza208@upb.edu','Calle 809 #37','Ingeniería Civil'),(210,'Ana','Mendoza','ana.mendoza209@upb.edu','Calle 957 #76','Ingeniería Industrial'),(211,'Juan','Fernandez','juan.fernandez210@upb.edu','Calle 727 #80','Ingeniería Química'),(212,'Luis','Vargas','luis.vargas211@upb.edu','Calle 901 #22','Ingeniería Electrónica'),(213,'Luis','Gonzalez','luis.gonzalez212@upb.edu','Calle 440 #35','Ingeniería Industrial'),(214,'Andres','Reyes','andres.reyes213@upb.edu','Calle 553 #77','Ingeniería Civil'),(215,'Lucia','Suarez','lucia.suarez214@upb.edu','Calle 966 #3','Ingeniería Química'),(216,'Miguel','Mendoza','miguel.mendoza215@upb.edu','Calle 389 #77','Ingeniería Mecánica'),(217,'Andres','Ramirez','andres.ramirez216@upb.edu','Calle 871 #81','Ingeniería Biomédica'),(218,'Luis','Gonzalez','luis.gonzalez217@upb.edu','Calle 85 #27','Ingeniería en Sistemas Computacionales'),(219,'Carlos','Rojas','carlos.rojas218@upb.edu','Calle 191 #18','Ingeniería en Telecomunicaciones'),(220,'Angela','Fernandez','angela.fernandez219@upb.edu','Calle 102 #18','Ingeniería Industrial'),(221,'Luis','Fernandez','luis.fernandez220@upb.edu','Calle 979 #82','Ingeniería en Telecomunicaciones'),(222,'Sofia','Vargas','sofia.vargas221@upb.edu','Calle 705 #80','Ingeniería Civil'),(223,'Jorge','Fernandez','jorge.fernandez222@upb.edu','Calle 268 #99','Ingeniería Ambiental'),(224,'Luis','Castro','luis.castro223@upb.edu','Calle 566 #8','Ingeniería Biomédica'),(225,'Isabel','Reyes','isabel.reyes224@upb.edu','Calle 784 #49','Ingeniería Industrial'),(226,'Carlos','Ortega','carlos.ortega225@upb.edu','Calle 426 #33','Ingeniería en Sistemas Computacionales'),(227,'Pedro','Garcia','pedro.garcia226@upb.edu','Calle 931 #58','Ingeniería Biomédica'),(228,'Roberto','Martinez','roberto.martinez227@upb.edu','Calle 754 #93','Ingeniería en Telecomunicaciones'),(229,'Lucia','Perez','lucia.perez228@upb.edu','Calle 247 #68','Ingeniería Mecánica'),(230,'Laura','Vargas','laura.vargas229@upb.edu','Calle 372 #85','Ingenieria en Sistemas computacionales'),(231,'Lucia','Ortega','lucia.ortega230@upb.edu','Calle 802 #51','Ingeniería Ambiental'),(232,'Isabel','Hernandez','isabel.hernandez231@upb.edu','Calle 720 #56','Ingeniería Industrial'),(233,'Angela','Martinez','angela.martinez232@upb.edu','Calle 245 #31','Ingeniería Ambiental'),(234,'Juan','Rojas','juan.rojas233@upb.edu','Calle 613 #75','Ingeniería Ambiental'),(235,'Jose','Hernandez','jose.hernandez234@upb.edu','Calle 737 #52','Ingeniería Civil'),(236,'Sofia','Reyes','sofia.reyes235@upb.edu','Calle 718 #46','Ingeniería Electrónica'),(237,'Carlos','Suarez','carlos.suarez236@upb.edu','Calle 775 #59','Ingeniería Mecánica'),(238,'Isabel','Perez','isabel.perez237@upb.edu','Calle 852 #49','Ingeniería Ambiental'),(239,'Pedro','Suarez','pedro.suarez238@upb.edu','Calle 188 #7','Ingeniería Biomédica'),(240,'Carlos','Navarro','carlos.navarro239@upb.edu','Calle 23 #6','Ingenieria en Sistemas computacionales'),(241,'Sofia','Fernandez','sofia.fernandez240@upb.edu','Calle 800 #52','Ingeniería Electrónica'),(242,'Luis','Romero','luis.romero241@upb.edu','Calle 998 #96','Ingeniería en Sistemas Computacionales'),(243,'David','Ramirez','david.ramirez242@upb.edu','Calle 978 #78','Ingeniería Mecánica'),(244,'Carlos','Garcia','carlos.garcia243@upb.edu','Calle 25 #73','Ingeniería en Sistemas Computacionales'),(245,'Laura','Rodriguez','laura.rodriguez244@upb.edu','Calle 194 #30','Ingeniería Biomédica'),(246,'Sofia','Garcia','sofia.garcia245@upb.edu','Calle 357 #8','Ingeniería Civil'),(247,'Elena','Vargas','elena.vargas246@upb.edu','Calle 196 #21','Ingeniería Electrónica'),(248,'Laura','Rojas','laura.rojas247@upb.edu','Calle 98 #37','Ingeniería en Telecomunicaciones'),(249,'Laura','Ramirez','laura.ramirez248@upb.edu','Calle 680 #41','Ingeniería en Software'),(250,'Luis','Vargas','luis.vargas249@upb.edu','Calle 655 #31','Ingeniería en Software'),(251,'Elena','Garcia','elena.garcia250@upb.edu','Calle 995 #98','Ingeniería Electrónica'),(252,'Lucia','Sanchez','lucia.sanchez251@upb.edu','Calle 617 #19','Ingeniería Civil'),(253,'Juan','Gonzalez','juan.gonzalez252@upb.edu','Calle 576 #22','Ingeniería Química'),(254,'David','Sanchez','david.sanchez253@upb.edu','Calle 371 #12','Ingeniería Química'),(255,'Carmen','Castro','carmen.castro254@upb.edu','Calle 43 #79','Ingeniería en Software'),(256,'Lucia','Fernandez','lucia.fernandez255@upb.edu','Calle 276 #3','Ingeniería Ambiental'),(257,'Isabel','Rojas','isabel.rojas256@upb.edu','Calle 229 #1','Ingeniería en Sistemas Computacionales'),(258,'Juan','Morales','juan.morales257@upb.edu','Calle 944 #2','Ingeniería Electrónica'),(259,'Carlos','Rodriguez','carlos.rodriguez258@upb.edu','Calle 266 #96','Ingeniería Electrónica'),(260,'Lucia','Rodriguez','lucia.rodriguez259@upb.edu','Calle 437 #74','Ingeniería Civil'),(261,'Luis','Rojas','luis.rojas260@upb.edu','Calle 635 #82','Ingeniería Biomédica'),(262,'Miguel','Lopez','miguel.lopez261@upb.edu','Calle 618 #64','Ingeniería en Telecomunicaciones'),(263,'Jose','Suarez','jose.suarez262@upb.edu','Calle 34 #25','Ingeniería Ambiental'),(264,'Carlos','Navarro','carlos.navarro263@upb.edu','Calle 751 #11','Ingeniería Ambiental'),(265,'Laura','Fernandez','laura.fernandez264@upb.edu','Calle 700 #14','Ingeniería en Telecomunicaciones'),(266,'Elena','Lopez','elena.lopez265@upb.edu','Calle 815 #11','Ingeniería Química'),(267,'David','Perez','david.perez266@upb.edu','Calle 362 #65','Ingeniería Mecánica'),(268,'Roberto','Lopez','roberto.lopez267@upb.edu','Calle 568 #1','Ingeniería Industrial'),(269,'Jose','Sanchez','jose.sanchez268@upb.edu','Calle 778 #79','Ingeniería Biomédica'),(270,'Luis','Mendoza','luis.mendoza269@upb.edu','Calle 539 #96','Ingeniería Mecánica'),(271,'Marta','Castro','marta.castro270@upb.edu','Calle 82 #82','Ingeniería Biomédica'),(272,'Jorge','Garcia','jorge.garcia271@upb.edu','Calle 174 #93','Ingeniería Civil'),(273,'Laura','Navarro','laura.navarro272@upb.edu','Calle 378 #89','Ingeniería Electrónica'),(274,'Jorge','Garcia','jorge.garcia273@upb.edu','Calle 988 #61','Ingeniería Ambiental'),(275,'Jorge','Castro','jorge.castro274@upb.edu','Calle 97 #87','Ingeniería Industrial'),(276,'David','Castro','david.castro275@upb.edu','Calle 642 #100','Ingeniería Ambiental'),(277,'Lucia','Suarez','lucia.suarez276@upb.edu','Calle 891 #45','Ingeniería en Software'),(278,'Elena','Hernandez','elena.hernandez277@upb.edu','Calle 516 #34','Ingeniería Biomédica'),(279,'Roberto','Martinez','roberto.martinez278@upb.edu','Calle 947 #74','Ingeniería Mecánica'),(280,'Roberto','Morales','roberto.morales279@upb.edu','Calle 920 #2','Ingeniería Ambiental'),(281,'Juan','Romero','juan.romero280@upb.edu','Calle 28 #89','Ingeniería Electrónica'),(282,'Andres','Fernandez','andres.fernandez281@upb.edu','Calle 972 #88','Ingeniería Civil'),(283,'David','Rodriguez','david.rodriguez282@upb.edu','Calle 165 #59','Ingeniería Industrial'),(284,'Jose','Navarro','jose.navarro283@upb.edu','Calle 334 #81','Ingeniería Ambiental'),(285,'Sofia','Morales','sofia.morales284@upb.edu','Calle 128 #1','Ingeniería Biomédica'),(286,'Maria','Lopez','maria.lopez285@upb.edu','Calle 5 #60','Ingeniería en Sistemas Computacionales'),(287,'Jose','Mendoza','jose.mendoza286@upb.edu','Calle 522 #29','Ingenieria en Sistemas computacionales'),(288,'Andres','Martinez','andres.martinez287@upb.edu','Calle 227 #1','Ingeniería en Software'),(289,'Jose','Martinez','jose.martinez288@upb.edu','Calle 514 #2','Ingeniería Civil'),(290,'Jose','Reyes','jose.reyes289@upb.edu','Calle 429 #55','Ingeniería Biomédica'),(291,'Ana','Castro','ana.castro290@upb.edu','Calle 981 #30','Ingeniería Química'),(292,'Angela','Mendoza','angela.mendoza291@upb.edu','Calle 688 #19','Ingeniería Mecánica'),(293,'Carmen','Ramirez','carmen.ramirez292@upb.edu','Calle 281 #44','Ingeniería Mecánica'),(294,'Miguel','Morales','miguel.morales293@upb.edu','Calle 427 #41','Ingeniería en Telecomunicaciones'),(295,'Elena','Martinez','elena.martinez294@upb.edu','Calle 999 #76','Ingeniería Química'),(296,'Pedro','Sanchez','pedro.sanchez295@upb.edu','Calle 438 #85','Ingeniería en Sistemas Computacionales'),(297,'Juan','Martinez','juan.martinez296@upb.edu','Calle 282 #5','Ingeniería Ambiental'),(298,'Carmen','Hernandez','carmen.hernandez297@upb.edu','Calle 216 #86','Ingeniería Industrial'),(299,'Elena','Reyes','elena.reyes298@upb.edu','Calle 298 #62','Ingeniería en Software'),(300,'Carlos','Rodriguez','carlos.rodriguez299@upb.edu','Calle 957 #67','Ingeniería Química'),(301,'Carmen','Fernandez','carmen.fernandez300@upb.edu','Calle 304 #70','Ingeniería Civil'),(302,'Lucia','Lopez','lucia.lopez301@upb.edu','Calle 518 #79','Ingeniería en Sistemas Computacionales'),(303,'Carmen','Lopez','carmen.lopez302@upb.edu','Calle 858 #73','Ingeniería en Sistemas Computacionales'),(304,'Maria','Rodriguez','maria.rodriguez303@upb.edu','Calle 122 #3','Ingeniería Ambiental'),(305,'Luis','Romero','luis.romero304@upb.edu','Calle 483 #78','Ingeniería Industrial'),(306,'Carlos','Navarro','carlos.navarro305@upb.edu','Calle 443 #39','Ingeniería en Sistemas Computacionales'),(307,'Marta','Garcia','marta.garcia306@upb.edu','Calle 229 #83','Ingeniería en Sistemas Computacionales'),(308,'Angela','Ramirez','angela.ramirez307@upb.edu','Calle 935 #23','Ingeniería Civil'),(309,'Juan','Gonzalez','juan.gonzalez308@upb.edu','Calle 14 #16','Ingeniería Química'),(310,'Maria','Morales','maria.morales309@upb.edu','Calle 921 #93','Ingeniería Ambiental'),(311,'Jose','Rodriguez','jose.rodriguez310@upb.edu','Calle 906 #20','Ingeniería Industrial'),(312,'Lucia','Navarro','lucia.navarro311@upb.edu','Calle 267 #82','Ingeniería Civil'),(313,'Laura','Castro','laura.castro312@upb.edu','Calle 42 #90','Ingeniería Química'),(314,'Laura','Morales','laura.morales313@upb.edu','Calle 439 #57','Ingeniería Biomédica'),(315,'Maria','Gonzalez','maria.gonzalez314@upb.edu','Calle 752 #97','Ingeniería Biomédica'),(316,'Roberto','Garcia','roberto.garcia315@upb.edu','Calle 834 #3','Ingeniería Ambiental'),(317,'Jorge','Rojas','jorge.rojas316@upb.edu','Calle 221 #25','Ingeniería Ambiental'),(318,'Angela','Suarez','angela.suarez317@upb.edu','Calle 391 #56','Ingeniería Industrial'),(319,'Sofia','Mendoza','sofia.mendoza318@upb.edu','Calle 244 #82','Ingeniería Biomédica'),(320,'Jose','Rojas','jose.rojas319@upb.edu','Calle 260 #35','Ingeniería en Sistemas Computacionales'),(321,'Ana','Ramirez','ana.ramirez320@upb.edu','Calle 861 #3','Ingeniería en Sistemas Computacionales'),(322,'Isabel','Suarez','isabel.suarez321@upb.edu','Calle 566 #45','Ingeniería en Telecomunicaciones'),(323,'Lucia','Suarez','lucia.suarez322@upb.edu','Calle 893 #87','Ingeniería Ambiental'),(324,'Miguel','Lopez','miguel.lopez323@upb.edu','Calle 894 #28','Ingeniería Química'),(325,'Juan','Navarro','juan.navarro324@upb.edu','Calle 746 #37','Ingeniería Industrial'),(326,'Laura','Hernandez','laura.hernandez325@upb.edu','Calle 551 #53','Ingeniería Química'),(327,'Marta','Romero','marta.romero326@upb.edu','Calle 546 #71','Ingenieria en Sistemas computacionales'),(328,'Carmen','Lopez','carmen.lopez327@upb.edu','Calle 478 #41','Ingeniería en Sistemas Computacionales'),(329,'Juan','Rodriguez','juan.rodriguez328@upb.edu','Calle 658 #22','Ingeniería Química'),(330,'Elena','Mendoza','elena.mendoza329@upb.edu','Calle 4 #50','Ingeniería Biomédica'),(331,'Andres','Lopez','andres.lopez330@upb.edu','Calle 416 #94','Ingeniería Química'),(332,'Elena','Rodriguez','elena.rodriguez331@upb.edu','Calle 714 #15','Ingeniería Electrónica'),(333,'Isabel','Rojas','isabel.rojas332@upb.edu','Calle 321 #45','Ingeniería Mecánica'),(334,'Isabel','Ramirez','isabel.ramirez333@upb.edu','Calle 14 #11','Ingeniería Electrónica'),(335,'Jorge','Vargas','jorge.vargas334@upb.edu','Calle 923 #87','Ingenieria en Sistemas computacionales'),(336,'Jorge','Martinez','jorge.martinez335@upb.edu','Calle 396 #6','Ingeniería Ambiental'),(337,'Roberto','Fernandez','roberto.fernandez336@upb.edu','Calle 525 #44','Ingeniería en Telecomunicaciones'),(338,'Carlos','Rojas','carlos.rojas337@upb.edu','Calle 503 #59','Ingeniería Industrial'),(339,'Marta','Vargas','marta.vargas338@upb.edu','Calle 708 #29','Ingeniería Química'),(340,'Marta','Garcia','marta.garcia339@upb.edu','Calle 39 #79','Ingeniería en Telecomunicaciones'),(341,'Isabel','Martinez','isabel.martinez340@upb.edu','Calle 998 #6','Ingeniería Civil'),(342,'Angela','Rodriguez','angela.rodriguez341@upb.edu','Calle 461 #66','Ingeniería Química'),(343,'Elena','Perez','elena.perez342@upb.edu','Calle 256 #76','Ingeniería Biomédica'),(344,'Ana','Martinez','ana.martinez343@upb.edu','Calle 627 #64','Ingeniería Industrial'),(345,'Luis','Navarro','luis.navarro344@upb.edu','Calle 291 #51','Ingeniería Electrónica'),(346,'Isabel','Hernandez','isabel.hernandez345@upb.edu','Calle 612 #12','Ingeniería Química'),(347,'David','Rodriguez','david.rodriguez346@upb.edu','Calle 756 #57','Ingeniería Ambiental'),(348,'Jose','Castro','jose.castro347@upb.edu','Calle 680 #66','Ingeniería Civil'),(349,'Sofia','Martinez','sofia.martinez348@upb.edu','Calle 279 #72','Ingeniería en Telecomunicaciones'),(350,'David','Morales','david.morales349@upb.edu','Calle 385 #25','Ingeniería Mecánica'),(351,'Elena','Lopez','elena.lopez350@upb.edu','Calle 196 #76','Ingeniería en Software'),(352,'Sofia','Gonzalez','sofia.gonzalez351@upb.edu','Calle 667 #34','Ingeniería en Software'),(353,'Elena','Garcia','elena.garcia352@upb.edu','Calle 267 #100','Ingeniería Ambiental'),(354,'David','Fernandez','david.fernandez353@upb.edu','Calle 950 #14','Ingeniería en Sistemas Computacionales'),(355,'Ana','Gonzalez','ana.gonzalez354@upb.edu','Calle 262 #34','Ingeniería Mecánica'),(356,'Sofia','Sanchez','sofia.sanchez355@upb.edu','Calle 299 #6','Ingeniería Biomédica'),(357,'Miguel','Mendoza','miguel.mendoza356@upb.edu','Calle 762 #13','Ingeniería Mecánica'),(358,'Isabel','Reyes','isabel.reyes357@upb.edu','Calle 896 #97','Ingeniería Ambiental'),(359,'Angela','Gonzalez','angela.gonzalez358@upb.edu','Calle 342 #64','Ingeniería en Software'),(360,'Lucia','Perez','lucia.perez359@upb.edu','Calle 671 #84','Ingeniería Electrónica'),(361,'Lucia','Garcia','lucia.garcia360@upb.edu','Calle 960 #71','Ingeniería Química'),(362,'Carlos','Martinez','carlos.martinez361@upb.edu','Calle 450 #2','Ingeniería Biomédica'),(363,'Ana','Romero','ana.romero362@upb.edu','Calle 306 #4','Ingeniería Civil'),(364,'Ana','Vargas','ana.vargas363@upb.edu','Calle 565 #8','Ingeniería en Telecomunicaciones'),(365,'Carmen','Morales','carmen.morales364@upb.edu','Calle 539 #3','Ingeniería Civil'),(366,'Luis','Romero','luis.romero365@upb.edu','Calle 799 #51','Ingeniería Ambiental'),(367,'Carlos','Lopez','carlos.lopez366@upb.edu','Calle 864 #76','Ingeniería Civil'),(368,'Laura','Navarro','laura.navarro367@upb.edu','Calle 621 #20','Ingeniería Industrial'),(369,'Jorge','Perez','jorge.perez368@upb.edu','Calle 62 #48','Ingeniería en Software'),(370,'Ana','Perez','ana.perez369@upb.edu','Calle 958 #2','Ingeniería Civil'),(371,'Laura','Castro','laura.castro370@upb.edu','Calle 810 #27','Ingeniería Industrial'),(372,'Laura','Rojas','laura.rojas371@upb.edu','Calle 613 #3','Ingeniería Electrónica'),(373,'Angela','Lopez','angela.lopez372@upb.edu','Calle 884 #42','Ingeniería Industrial'),(374,'Angela','Hernandez','angela.hernandez373@upb.edu','Calle 517 #42','Ingenieria en Sistemas computacionales'),(375,'Juan','Mendoza','juan.mendoza374@upb.edu','Calle 9 #38','Ingeniería en Telecomunicaciones'),(376,'Sofia','Martinez','sofia.martinez375@upb.edu','Calle 580 #2','Ingeniería en Sistemas Computacionales'),(377,'Isabel','Rodriguez','isabel.rodriguez376@upb.edu','Calle 375 #74','Ingeniería Biomédica'),(378,'Lucia','Gonzalez','lucia.gonzalez377@upb.edu','Calle 961 #9','Ingeniería Mecánica'),(379,'Luis','Sanchez','luis.sanchez378@upb.edu','Calle 267 #91','Ingeniería en Telecomunicaciones'),(380,'Miguel','Garcia','miguel.garcia379@upb.edu','Calle 955 #60','Ingeniería Industrial'),(381,'Maria','Suarez','maria.suarez380@upb.edu','Calle 758 #87','Ingeniería en Software'),(382,'Ana','Romero','ana.romero381@upb.edu','Calle 696 #79','Ingeniería en Software'),(383,'Jorge','Martinez','jorge.martinez382@upb.edu','Calle 589 #58','Ingeniería Química'),(384,'Jose','Romero','jose.romero383@upb.edu','Calle 8 #26','Ingeniería Química'),(385,'Luis','Fernandez','luis.fernandez384@upb.edu','Calle 329 #14','Ingeniería Química'),(386,'Laura','Morales','laura.morales385@upb.edu','Calle 16 #70','Ingeniería Electrónica'),(387,'Isabel','Martinez','isabel.martinez386@upb.edu','Calle 68 #16','Ingeniería en Software'),(388,'Carmen','Garcia','carmen.garcia387@upb.edu','Calle 858 #45','Ingeniería Ambiental'),(389,'Angela','Ramirez','angela.ramirez388@upb.edu','Calle 354 #89','Ingeniería Ambiental'),(390,'Lucia','Ortega','lucia.ortega389@upb.edu','Calle 600 #91','Ingeniería en Sistemas Computacionales'),(391,'Andres','Rodriguez','andres.rodriguez390@upb.edu','Calle 807 #94','Ingeniería Civil'),(392,'Maria','Lopez','maria.lopez391@upb.edu','Calle 478 #28','Ingeniería en Telecomunicaciones'),(393,'Andres','Hernandez','andres.hernandez392@upb.edu','Calle 29 #23','Ingeniería Mecánica'),(394,'Elena','Sanchez','elena.sanchez393@upb.edu','Calle 779 #7','Ingeniería Mecánica'),(395,'Carlos','Garcia','carlos.garcia394@upb.edu','Calle 52 #34','Ingeniería Ambiental'),(396,'Sofia','Rodriguez','sofia.rodriguez395@upb.edu','Calle 647 #66','Ingeniería Electrónica'),(397,'David','Perez','david.perez396@upb.edu','Calle 932 #45','Ingeniería Industrial'),(398,'Andres','Fernandez','andres.fernandez397@upb.edu','Calle 896 #10','Ingeniería Biomédica'),(399,'Miguel','Suarez','miguel.suarez398@upb.edu','Calle 858 #67','Ingeniería en Telecomunicaciones'),(400,'Laura','Garcia','laura.garcia399@upb.edu','Calle 215 #86','Ingeniería Industrial'),(401,'Miguel','Mendoza','miguel.mendoza400@upb.edu','Calle 915 #35','Ingeniería Química'),(402,'Carmen','Sanchez','carmen.sanchez401@upb.edu','Calle 373 #4','Ingeniería Biomédica'),(403,'Jose','Lopez','jose.lopez402@upb.edu','Calle 120 #9','Ingeniería Electrónica'),(404,'Isabel','Gonzalez','isabel.gonzalez403@upb.edu','Calle 122 #88','Ingeniería Electrónica'),(405,'Elena','Garcia','elena.garcia404@upb.edu','Calle 914 #80','Ingenieria en Sistemas computacionales'),(406,'Miguel','Sanchez','miguel.sanchez405@upb.edu','Calle 507 #21','Ingeniería en Software'),(407,'Isabel','Suarez','isabel.suarez406@upb.edu','Calle 99 #47','Ingeniería en Software'),(408,'Isabel','Morales','isabel.morales407@upb.edu','Calle 32 #88','Ingeniería Civil'),(409,'Roberto','Lopez','roberto.lopez408@upb.edu','Calle 307 #8','Ingeniería Ambiental'),(410,'Miguel','Vargas','miguel.vargas409@upb.edu','Calle 651 #28','Ingeniería Biomédica'),(411,'Ana','Mendoza','ana.mendoza410@upb.edu','Calle 559 #30','Ingeniería en Software'),(412,'Ana','Hernandez','ana.hernandez411@upb.edu','Calle 214 #67','Ingeniería Mecánica'),(413,'Angela','Martinez','angela.martinez412@upb.edu','Calle 85 #5','Ingeniería Electrónica'),(414,'Roberto','Perez','roberto.perez413@upb.edu','Calle 661 #94','Ingeniería Ambiental'),(415,'David','Ortega','david.ortega414@upb.edu','Calle 525 #15','Ingeniería Civil'),(416,'Carmen','Hernandez','carmen.hernandez415@upb.edu','Calle 265 #99','Ingeniería Química'),(417,'Lucia','Martinez','lucia.martinez416@upb.edu','Calle 554 #25','Ingeniería Ambiental'),(418,'Lucia','Reyes','lucia.reyes417@upb.edu','Calle 275 #16','Ingeniería en Software'),(419,'Marta','Hernandez','marta.hernandez418@upb.edu','Calle 739 #11','Ingeniería en Software'),(420,'Ana','Ortega','ana.ortega419@upb.edu','Calle 17 #77','Ingeniería Ambiental'),(421,'Pedro','Mendoza','pedro.mendoza420@upb.edu','Calle 472 #12','Ingeniería en Telecomunicaciones'),(422,'Pedro','Castro','pedro.castro421@upb.edu','Calle 558 #61','Ingeniería en Software'),(423,'Jose','Garcia','jose.garcia422@upb.edu','Calle 945 #51','Ingeniería Civil'),(424,'Sofia','Lopez','sofia.lopez423@upb.edu','Calle 324 #20','Ingeniería en Telecomunicaciones'),(425,'Laura','Gonzalez','laura.gonzalez424@upb.edu','Calle 118 #35','Ingeniería Química'),(426,'Maria','Rojas','maria.rojas425@upb.edu','Calle 984 #20','Ingeniería Civil'),(427,'Luis','Fernandez','luis.fernandez426@upb.edu','Calle 146 #53','Ingeniería en Software'),(428,'Lucia','Romero','lucia.romero427@upb.edu','Calle 243 #77','Ingeniería Química'),(429,'Luis','Rodriguez','luis.rodriguez428@upb.edu','Calle 644 #90','Ingenieria en Sistemas computacionales'),(430,'Sofia','Fernandez','sofia.fernandez429@upb.edu','Calle 788 #12','Ingeniería en Software'),(431,'Sofia','Morales','sofia.morales430@upb.edu','Calle 39 #25','Ingeniería Electrónica'),(432,'Maria','Martinez','maria.martinez431@upb.edu','Calle 939 #68','Ingeniería Industrial'),(433,'Roberto','Suarez','roberto.suarez432@upb.edu','Calle 638 #39','Ingeniería Química'),(434,'Carlos','Romero','carlos.romero433@upb.edu','Calle 247 #77','Ingeniería Civil'),(435,'Carlos','Fernandez','carlos.fernandez434@upb.edu','Calle 566 #39','Ingeniería en Sistemas Computacionales'),(436,'Andres','Rodriguez','andres.rodriguez435@upb.edu','Calle 269 #4','Ingeniería Biomédica'),(437,'Carlos','Fernandez','carlos.fernandez436@upb.edu','Calle 821 #9','Ingeniería Biomédica'),(438,'Andres','Gonzalez','andres.gonzalez437@upb.edu','Calle 569 #99','Ingeniería Industrial'),(439,'Sofia','Lopez','sofia.lopez438@upb.edu','Calle 830 #43','Ingeniería Biomédica'),(440,'Luis','Martinez','luis.martinez439@upb.edu','Calle 435 #5','Ingeniería en Software'),(441,'Luis','Gonzalez','luis.gonzalez440@upb.edu','Calle 935 #7','Ingeniería Biomédica'),(442,'Lucia','Fernandez','lucia.fernandez441@upb.edu','Calle 171 #69','Ingeniería Civil'),(443,'Ana','Perez','ana.perez442@upb.edu','Calle 733 #49','Ingeniería en Software'),(444,'Marta','Hernandez','marta.hernandez443@upb.edu','Calle 328 #1','Ingeniería Biomédica'),(445,'Juan','Morales','juan.morales444@upb.edu','Calle 732 #3','Ingeniería Mecánica'),(446,'Elena','Lopez','elena.lopez445@upb.edu','Calle 706 #39','Ingeniería Electrónica'),(447,'Lucia','Navarro','lucia.navarro446@upb.edu','Calle 835 #49','Ingeniería Mecánica'),(448,'Andres','Romero','andres.romero447@upb.edu','Calle 936 #81','Ingeniería en Telecomunicaciones'),(449,'Angela','Reyes','angela.reyes448@upb.edu','Calle 304 #76','Ingeniería Ambiental'),(450,'Isabel','Romero','isabel.romero449@upb.edu','Calle 626 #13','Ingeniería en Software'),(451,'Juan','Navarro','juan.navarro450@upb.edu','Calle 913 #36','Ingeniería Química'),(452,'Marta','Ortega','marta.ortega451@upb.edu','Calle 60 #98','Ingeniería en Sistemas Computacionales'),(453,'Laura','Navarro','laura.navarro452@upb.edu','Calle 526 #84','Ingeniería Mecánica'),(454,'Jorge','Martinez','jorge.martinez453@upb.edu','Calle 355 #94','Ingeniería Industrial'),(455,'Luis','Vargas','luis.vargas454@upb.edu','Calle 442 #73','Ingeniería Mecánica'),(456,'Carmen','Perez','carmen.perez455@upb.edu','Calle 789 #73','Ingeniería Electrónica'),(457,'Lucia','Castro','lucia.castro456@upb.edu','Calle 28 #97','Ingeniería Ambiental'),(458,'Jose','Sanchez','jose.sanchez457@upb.edu','Calle 829 #72','Ingeniería Industrial'),(459,'Carmen','Navarro','carmen.navarro458@upb.edu','Calle 230 #100','Ingeniería Mecánica'),(460,'Andres','Castro','andres.castro459@upb.edu','Calle 260 #34','Ingeniería Mecánica'),(461,'Elena','Rojas','elena.rojas460@upb.edu','Calle 640 #85','Ingeniería en Sistemas Computacionales'),(462,'David','Sanchez','david.sanchez461@upb.edu','Calle 937 #14','Ingeniería Civil'),(463,'Maria','Martinez','maria.martinez462@upb.edu','Calle 765 #25','Ingeniería Biomédica'),(464,'Marta','Ramirez','marta.ramirez463@upb.edu','Calle 42 #100','Ingeniería Ambiental'),(465,'Sofia','Garcia','sofia.garcia464@upb.edu','Calle 920 #15','Ingeniería Electrónica'),(466,'Marta','Reyes','marta.reyes465@upb.edu','Calle 177 #11','Ingeniería Biomédica'),(467,'Isabel','Rojas','isabel.rojas466@upb.edu','Calle 228 #18','Ingeniería en Software'),(468,'Jose','Morales','jose.morales467@upb.edu','Calle 562 #2','Ingeniería Mecánica'),(469,'Lucia','Rodriguez','lucia.rodriguez468@upb.edu','Calle 982 #78','Ingeniería Mecánica'),(470,'Miguel','Romero','miguel.romero469@upb.edu','Calle 948 #85','Ingeniería Electrónica'),(471,'Juan','Rodriguez','juan.rodriguez470@upb.edu','Calle 839 #36','Ingenieria en Sistemas computacionales'),(472,'Sofia','Hernandez','sofia.hernandez471@upb.edu','Calle 552 #64','Ingeniería Química'),(473,'Angela','Reyes','angela.reyes472@upb.edu','Calle 874 #98','Ingeniería en Software'),(474,'Pedro','Fernandez','pedro.fernandez473@upb.edu','Calle 376 #70','Ingeniería en Telecomunicaciones'),(475,'Isabel','Sanchez','isabel.sanchez474@upb.edu','Calle 870 #65','Ingenieria en Sistemas computacionales'),(476,'Miguel','Romero','miguel.romero475@upb.edu','Calle 496 #41','Ingeniería Mecánica'),(477,'Carmen','Reyes','carmen.reyes476@upb.edu','Calle 303 #9','Ingeniería Química'),(478,'Jose','Ortega','jose.ortega477@upb.edu','Calle 955 #24','Ingeniería Electrónica'),(479,'Elena','Garcia','elena.garcia478@upb.edu','Calle 771 #39','Ingeniería Electrónica'),(480,'Roberto','Martinez','roberto.martinez479@upb.edu','Calle 870 #6','Ingeniería Biomédica'),(481,'Luis','Perez','luis.perez480@upb.edu','Calle 666 #8','Ingeniería en Software'),(482,'Maria','Rodriguez','maria.rodriguez481@upb.edu','Calle 258 #2','Ingeniería Ambiental'),(483,'Marta','Gonzalez','marta.gonzalez482@upb.edu','Calle 275 #26','Ingeniería Industrial'),(484,'Marta','Lopez','marta.lopez483@upb.edu','Calle 15 #69','Ingeniería en Telecomunicaciones'),(485,'Ana','Navarro','ana.navarro484@upb.edu','Calle 289 #65','Ingeniería Química'),(486,'Carmen','Vargas','carmen.vargas485@upb.edu','Calle 790 #40','Ingeniería Industrial'),(487,'Ana','Rojas','ana.rojas486@upb.edu','Calle 92 #88','Ingeniería Mecánica'),(488,'Pedro','Mendoza','pedro.mendoza487@upb.edu','Calle 992 #91','Ingeniería Química'),(489,'Carmen','Garcia','carmen.garcia488@upb.edu','Calle 540 #78','Ingeniería Mecánica'),(490,'David','Perez','david.perez489@upb.edu','Calle 363 #35','Ingeniería Biomédica'),(491,'Elena','Garcia','elena.garcia490@upb.edu','Calle 571 #61','Ingeniería Electrónica'),(492,'Jorge','Gonzalez','jorge.gonzalez491@upb.edu','Calle 29 #25','Ingeniería en Telecomunicaciones'),(493,'Sofia','Reyes','sofia.reyes492@upb.edu','Calle 661 #86','Ingeniería en Telecomunicaciones'),(494,'Ana','Gonzalez','ana.gonzalez493@upb.edu','Calle 456 #4','Ingeniería Ambiental'),(495,'Juan','Lopez','juan.lopez494@upb.edu','Calle 486 #10','Ingeniería en Telecomunicaciones'),(496,'David','Mendoza','david.mendoza495@upb.edu','Calle 702 #53','Ingeniería en Software'),(497,'Ana','Castro','ana.castro496@upb.edu','Calle 96 #34','Ingeniería Electrónica'),(498,'Pedro','Rojas','pedro.rojas497@upb.edu','Calle 887 #32','Ingeniería Ambiental'),(499,'Maria','Ramirez','maria.ramirez498@upb.edu','Calle 253 #84','Ingeniería Civil'),(500,'David','Perez','david.perez499@upb.edu','Calle 331 #75','Ingeniería en Software');
/*!40000 ALTER TABLE `dim_estudiante` ENABLE KEYS */;
UNLOCK TABLES;

--
-- Table structure for table `dim_time`
--

DROP TABLE IF EXISTS `dim_time`;
/*!40101 SET @saved_cs_client     = @@character_set_client */;
/*!50503 SET character_set_client = utf8mb4 */;
CREATE TABLE `dim_time` (
  `time_id` int NOT NULL,
  `fecha` varchar(255) DEFAULT NULL,
  PRIMARY KEY (`time_id`)
) ENGINE=InnoDB DEFAULT CHARSET=utf8mb4 COLLATE=utf8mb4_0900_ai_ci;
/*!40101 SET character_set_client = @saved_cs_client */;

--
-- Dumping data for table `dim_time`
--

LOCK TABLES `dim_time` WRITE;
/*!40000 ALTER TABLE `dim_time` DISABLE KEYS */;
INSERT INTO `dim_time` VALUES (1,'26/6/2024'),(2,'26/6/2024'),(3,'26/6/2024'),(4,'26/6/2024'),(5,'26/6/2024'),(6,'26/6/2024'),(7,'26/6/2024'),(8,'26/6/2024'),(9,'26/6/2024'),(10,'26/6/2024'),(11,'26/6/2024'),(12,'26/6/2024'),(13,'26/6/2024'),(14,'26/6/2024'),(15,'26/6/2024'),(16,'26/6/2024'),(17,'26/6/2024'),(18,'26/6/2024'),(19,'26/6/2024'),(20,'26/6/2024'),(21,'26/6/2024'),(22,'26/6/2024'),(23,'26/6/2024'),(24,'26/6/2024'),(25,'26/6/2024'),(26,'26/6/2024'),(27,'26/6/2024'),(28,'26/6/2024'),(29,'26/6/2024'),(30,'26/6/2024'),(31,'26/6/2024'),(32,'26/6/2024'),(33,'26/6/2024'),(34,'26/6/2024'),(35,'26/6/2024'),(36,'26/6/2024'),(37,'26/6/2024'),(38,'26/6/2024'),(39,'26/6/2024'),(40,'26/6/2024'),(41,'26/6/2024'),(42,'26/6/2024'),(43,'26/6/2024'),(44,'26/6/2024'),(45,'26/6/2024'),(46,'26/6/2024'),(47,'26/6/2024'),(48,'26/6/2024'),(49,'26/6/2024'),(50,'26/6/2024'),(51,'26/6/2024'),(52,'26/6/2024'),(53,'26/6/2024'),(54,'26/6/2024'),(55,'26/6/2024'),(56,'26/6/2024'),(57,'26/6/2024'),(58,'26/6/2024'),(59,'26/6/2024'),(60,'26/6/2024'),(61,'26/6/2024'),(62,'26/6/2024'),(63,'26/6/2024'),(64,'26/6/2024'),(65,'26/6/2024'),(66,'26/6/2024'),(67,'26/6/2024'),(68,'26/6/2024'),(69,'26/6/2024'),(70,'26/6/2024'),(71,'26/6/2024'),(72,'26/6/2024'),(73,'26/6/2024'),(74,'26/6/2024'),(75,'26/6/2024'),(76,'26/6/2024'),(77,'26/6/2024'),(78,'26/6/2024'),(79,'26/6/2024'),(80,'26/6/2024'),(81,'26/6/2024'),(82,'26/6/2024'),(83,'26/6/2024'),(84,'26/6/2024'),(85,'26/6/2024'),(86,'26/6/2024'),(87,'26/6/2024'),(88,'26/6/2024'),(89,'26/6/2024'),(90,'26/6/2024'),(91,'26/6/2024'),(92,'26/6/2024'),(93,'26/6/2024'),(94,'26/6/2024'),(95,'26/6/2024'),(96,'26/6/2024'),(97,'26/6/2024'),(98,'26/6/2024'),(99,'26/6/2024'),(100,'26/6/2024'),(101,'26/6/2024'),(102,'26/6/2024'),(103,'26/6/2024'),(104,'26/6/2024'),(105,'26/6/2024'),(106,'26/6/2024'),(107,'26/6/2024'),(108,'26/6/2024'),(109,'26/6/2024'),(110,'26/6/2024'),(111,'26/6/2024'),(112,'26/6/2024'),(113,'26/6/2024'),(114,'26/6/2024'),(115,'26/6/2024'),(116,'26/6/2024'),(117,'26/6/2024'),(118,'26/6/2024'),(119,'26/6/2024'),(120,'26/6/2024'),(121,'26/6/2024'),(122,'26/6/2024'),(123,'26/6/2024'),(124,'26/6/2024'),(125,'26/6/2024'),(126,'26/6/2024'),(127,'26/6/2024'),(128,'26/6/2024'),(129,'26/6/2024'),(130,'26/6/2024'),(131,'26/6/2024'),(132,'26/6/2024'),(133,'26/6/2024'),(134,'26/6/2024'),(135,'26/6/2024'),(136,'26/6/2024'),(137,'26/6/2024'),(138,'26/6/2024'),(139,'26/6/2024'),(140,'26/6/2024'),(141,'26/6/2024'),(142,'26/6/2024'),(143,'26/6/2024'),(144,'26/6/2024'),(145,'26/6/2024'),(146,'26/6/2024'),(147,'26/6/2024'),(148,'26/6/2024'),(149,'26/6/2024'),(150,'26/6/2024'),(151,'26/6/2024'),(152,'26/6/2024'),(153,'26/6/2024'),(154,'26/6/2024'),(155,'26/6/2024'),(156,'26/6/2024'),(157,'26/6/2024'),(158,'26/6/2024'),(159,'26/6/2024'),(160,'26/6/2024'),(161,'26/6/2024'),(162,'26/6/2024'),(163,'26/6/2024'),(164,'26/6/2024'),(165,'26/6/2024'),(166,'26/6/2024'),(167,'26/6/2024'),(168,'26/6/2024'),(169,'26/6/2024'),(170,'26/6/2024'),(171,'26/6/2024'),(172,'26/6/2024'),(173,'26/6/2024'),(174,'26/6/2024'),(175,'26/6/2024'),(176,'26/6/2024'),(177,'26/6/2024'),(178,'26/6/2024'),(179,'26/6/2024'),(180,'26/6/2024'),(181,'26/6/2024'),(182,'26/6/2024'),(183,'26/6/2024'),(184,'26/6/2024'),(185,'26/6/2024'),(186,'26/6/2024'),(187,'26/6/2024'),(188,'26/6/2024'),(189,'26/6/2024'),(190,'26/6/2024'),(191,'26/6/2024'),(192,'26/6/2024'),(193,'26/6/2024'),(194,'26/6/2024'),(195,'26/6/2024'),(196,'26/6/2024'),(197,'26/6/2024'),(198,'26/6/2024'),(199,'26/6/2024'),(200,'26/6/2024'),(201,'26/6/2024'),(202,'26/6/2024'),(203,'26/6/2024'),(204,'26/6/2024'),(205,'26/6/2024'),(206,'26/6/2024'),(207,'26/6/2024'),(208,'26/6/2024'),(209,'26/6/2024'),(210,'26/6/2024'),(211,'26/6/2024'),(212,'26/6/2024'),(213,'26/6/2024'),(214,'26/6/2024'),(215,'26/6/2024'),(216,'26/6/2024'),(217,'26/6/2024'),(218,'26/6/2024'),(219,'26/6/2024'),(220,'26/6/2024'),(221,'26/6/2024'),(222,'26/6/2024'),(223,'26/6/2024'),(224,'26/6/2024'),(225,'26/6/2024'),(226,'26/6/2024'),(227,'26/6/2024'),(228,'26/6/2024'),(229,'26/6/2024'),(230,'26/6/2024'),(231,'26/6/2024'),(232,'26/6/2024'),(233,'26/6/2024'),(234,'26/6/2024'),(235,'26/6/2024'),(236,'26/6/2024'),(237,'26/6/2024'),(238,'26/6/2024'),(239,'26/6/2024'),(240,'26/6/2024'),(241,'26/6/2024'),(242,'26/6/2024'),(243,'26/6/2024'),(244,'26/6/2024'),(245,'26/6/2024'),(246,'26/6/2024'),(247,'26/6/2024'),(248,'26/6/2024'),(249,'26/6/2024'),(250,'26/6/2024'),(251,'26/6/2024'),(252,'26/6/2024'),(253,'26/6/2024'),(254,'26/6/2024'),(255,'26/6/2024'),(256,'26/6/2024'),(257,'26/6/2024'),(258,'26/6/2024'),(259,'26/6/2024'),(260,'26/6/2024'),(261,'26/6/2024'),(262,'26/6/2024'),(263,'26/6/2024'),(264,'26/6/2024'),(265,'26/6/2024'),(266,'26/6/2024'),(267,'26/6/2024'),(268,'26/6/2024'),(269,'26/6/2024'),(270,'26/6/2024'),(271,'26/6/2024'),(272,'26/6/2024'),(273,'26/6/2024'),(274,'26/6/2024'),(275,'26/6/2024'),(276,'26/6/2024'),(277,'26/6/2024'),(278,'26/6/2024'),(279,'26/6/2024'),(280,'26/6/2024'),(281,'26/6/2024'),(282,'26/6/2024'),(283,'26/6/2024'),(284,'26/6/2024'),(285,'26/6/2024'),(286,'26/6/2024'),(287,'26/6/2024'),(288,'26/6/2024'),(289,'26/6/2024'),(290,'26/6/2024'),(291,'26/6/2024'),(292,'26/6/2024'),(293,'26/6/2024'),(294,'26/6/2024'),(295,'26/6/2024'),(296,'26/6/2024'),(297,'26/6/2024'),(298,'26/6/2024'),(299,'26/6/2024'),(300,'26/6/2024'),(301,'26/6/2024'),(302,'26/6/2024'),(303,'26/6/2024'),(304,'26/6/2024'),(305,'26/6/2024'),(306,'26/6/2024'),(307,'26/6/2024'),(308,'26/6/2024'),(309,'26/6/2024'),(310,'26/6/2024'),(311,'26/6/2024'),(312,'26/6/2024'),(313,'26/6/2024'),(314,'26/6/2024'),(315,'26/6/2024'),(316,'26/6/2024'),(317,'26/6/2024'),(318,'26/6/2024'),(319,'26/6/2024'),(320,'26/6/2024'),(321,'26/6/2024'),(322,'26/6/2024'),(323,'26/6/2024'),(324,'26/6/2024'),(325,'26/6/2024'),(326,'26/6/2024'),(327,'26/6/2024'),(328,'26/6/2024'),(329,'26/6/2024'),(330,'26/6/2024'),(331,'26/6/2024'),(332,'26/6/2024'),(333,'26/6/2024'),(334,'26/6/2024'),(335,'26/6/2024'),(336,'26/6/2024'),(337,'26/6/2024'),(338,'26/6/2024'),(339,'26/6/2024'),(340,'26/6/2024'),(341,'26/6/2024'),(342,'26/6/2024'),(343,'26/6/2024'),(344,'26/6/2024'),(345,'26/6/2024'),(346,'26/6/2024'),(347,'26/6/2024'),(348,'26/6/2024'),(349,'26/6/2024'),(350,'26/6/2024'),(351,'26/6/2024'),(352,'26/6/2024'),(353,'26/6/2024'),(354,'26/6/2024'),(355,'26/6/2024'),(356,'26/6/2024'),(357,'26/6/2024'),(358,'26/6/2024'),(359,'26/6/2024'),(360,'26/6/2024'),(361,'26/6/2024'),(362,'26/6/2024'),(363,'26/6/2024'),(364,'26/6/2024'),(365,'26/6/2024'),(366,'26/6/2024'),(367,'26/6/2024'),(368,'26/6/2024'),(369,'26/6/2024'),(370,'26/6/2024'),(371,'26/6/2024'),(372,'26/6/2024'),(373,'26/6/2024'),(374,'26/6/2024'),(375,'26/6/2024'),(376,'26/6/2024'),(377,'26/6/2024'),(378,'26/6/2024'),(379,'26/6/2024'),(380,'26/6/2024'),(381,'26/6/2024'),(382,'26/6/2024'),(383,'26/6/2024'),(384,'26/6/2024'),(385,'26/6/2024'),(386,'26/6/2024'),(387,'26/6/2024'),(388,'26/6/2024'),(389,'26/6/2024'),(390,'26/6/2024'),(391,'26/6/2024'),(392,'26/6/2024'),(393,'26/6/2024'),(394,'26/6/2024'),(395,'26/6/2024'),(396,'26/6/2024'),(397,'26/6/2024'),(398,'26/6/2024'),(399,'26/6/2024'),(400,'26/6/2024'),(401,'26/6/2024'),(402,'26/6/2024'),(403,'26/6/2024'),(404,'26/6/2024'),(405,'26/6/2024'),(406,'26/6/2024'),(407,'26/6/2024'),(408,'26/6/2024'),(409,'26/6/2024'),(410,'26/6/2024'),(411,'26/6/2024'),(412,'26/6/2024'),(413,'26/6/2024'),(414,'26/6/2024'),(415,'26/6/2024'),(416,'26/6/2024'),(417,'26/6/2024'),(418,'26/6/2024'),(419,'26/6/2024'),(420,'26/6/2024'),(421,'26/6/2024'),(422,'26/6/2024'),(423,'26/6/2024'),(424,'26/6/2024'),(425,'26/6/2024'),(426,'26/6/2024'),(427,'26/6/2024'),(428,'26/6/2024'),(429,'26/6/2024'),(430,'26/6/2024'),(431,'26/6/2024'),(432,'26/6/2024'),(433,'26/6/2024'),(434,'26/6/2024'),(435,'26/6/2024'),(436,'26/6/2024'),(437,'26/6/2024'),(438,'26/6/2024'),(439,'26/6/2024'),(440,'26/6/2024'),(441,'26/6/2024'),(442,'26/6/2024'),(443,'26/6/2024'),(444,'26/6/2024'),(445,'26/6/2024'),(446,'26/6/2024'),(447,'26/6/2024'),(448,'26/6/2024'),(449,'26/6/2024'),(450,'26/6/2024'),(451,'26/6/2024'),(452,'26/6/2024'),(453,'26/6/2024'),(454,'26/6/2024'),(455,'26/6/2024'),(456,'26/6/2024'),(457,'26/6/2024'),(458,'26/6/2024'),(459,'26/6/2024'),(460,'26/6/2024'),(461,'26/6/2024'),(462,'26/6/2024'),(463,'26/6/2024'),(464,'26/6/2024'),(465,'26/6/2024'),(466,'26/6/2024'),(467,'26/6/2024'),(468,'26/6/2024'),(469,'26/6/2024'),(470,'26/6/2024'),(471,'26/6/2024'),(472,'26/6/2024'),(473,'26/6/2024'),(474,'26/6/2024'),(475,'26/6/2024'),(476,'26/6/2024'),(477,'26/6/2024'),(478,'26/6/2024'),(479,'26/6/2024'),(480,'26/6/2024'),(481,'26/6/2024'),(482,'26/6/2024'),(483,'26/6/2024'),(484,'26/6/2024'),(485,'26/6/2024'),(486,'26/6/2024'),(487,'26/6/2024'),(488,'26/6/2024'),(489,'26/6/2024'),(490,'26/6/2024'),(491,'26/6/2024'),(492,'26/6/2024'),(493,'26/6/2024'),(494,'26/6/2024'),(495,'26/6/2024'),(496,'26/6/2024'),(497,'26/6/2024'),(498,'26/6/2024'),(499,'26/6/2024'),(500,'26/6/2024'),(501,'26/6/2024'),(502,'26/6/2024'),(503,'26/6/2024'),(504,'26/6/2024'),(505,'26/6/2024'),(506,'26/6/2024'),(507,'26/6/2024'),(508,'26/6/2024'),(509,'26/6/2024'),(510,'26/6/2024'),(511,'26/6/2024'),(512,'26/6/2024'),(513,'26/6/2024'),(514,'26/6/2024'),(515,'26/6/2024'),(516,'26/6/2024'),(517,'26/6/2024'),(518,'26/6/2024'),(519,'26/6/2024'),(520,'26/6/2024'),(521,'26/6/2024'),(522,'26/6/2024'),(523,'26/6/2024'),(524,'26/6/2024'),(525,'26/6/2024'),(526,'26/6/2024'),(527,'26/6/2024'),(528,'26/6/2024'),(529,'26/6/2024'),(530,'26/6/2024'),(531,'26/6/2024'),(532,'26/6/2024'),(533,'26/6/2024'),(534,'26/6/2024'),(535,'26/6/2024'),(536,'26/6/2024'),(537,'26/6/2024'),(538,'26/6/2024'),(539,'26/6/2024'),(540,'26/6/2024'),(541,'26/6/2024'),(542,'26/6/2024'),(543,'26/6/2024'),(544,'26/6/2024'),(545,'26/6/2024'),(546,'26/6/2024'),(547,'26/6/2024'),(548,'26/6/2024'),(549,'26/6/2024'),(550,'26/6/2024'),(551,'26/6/2024'),(552,'26/6/2024'),(553,'26/6/2024'),(554,'26/6/2024'),(555,'26/6/2024'),(556,'26/6/2024'),(557,'26/6/2024'),(558,'26/6/2024'),(559,'26/6/2024'),(560,'26/6/2024'),(561,'26/6/2024'),(562,'26/6/2024'),(563,'26/6/2024'),(564,'26/6/2024'),(565,'26/6/2024'),(566,'26/6/2024'),(567,'26/6/2024'),(568,'26/6/2024'),(569,'26/6/2024'),(570,'26/6/2024'),(571,'26/6/2024'),(572,'26/6/2024'),(573,'26/6/2024'),(574,'26/6/2024'),(575,'26/6/2024'),(576,'26/6/2024'),(577,'26/6/2024'),(578,'26/6/2024'),(579,'26/6/2024'),(580,'26/6/2024'),(581,'26/6/2024'),(582,'26/6/2024'),(583,'26/6/2024'),(584,'26/6/2024'),(585,'26/6/2024'),(586,'26/6/2024'),(587,'26/6/2024'),(588,'26/6/2024'),(589,'26/6/2024'),(590,'26/6/2024'),(591,'26/6/2024'),(592,'26/6/2024'),(593,'26/6/2024'),(594,'26/6/2024'),(595,'26/6/2024'),(596,'26/6/2024'),(597,'26/6/2024'),(598,'26/6/2024'),(599,'26/6/2024'),(600,'26/6/2024');
/*!40000 ALTER TABLE `dim_time` ENABLE KEYS */;
UNLOCK TABLES;

--
-- Table structure for table `fact_rendimiento_academico`
--

DROP TABLE IF EXISTS `fact_rendimiento_academico`;
/*!40101 SET @saved_cs_client     = @@character_set_client */;
/*!50503 SET character_set_client = utf8mb4 */;
CREATE TABLE `fact_rendimiento_academico` (
  `id` int NOT NULL AUTO_INCREMENT,
  `curso_id` int DEFAULT NULL,
  `estudiante_id` int DEFAULT NULL,
  `nota` int DEFAULT NULL,
  `time_id` int DEFAULT NULL,
  PRIMARY KEY (`id`),
  KEY `estudiante_id` (`estudiante_id`),
  KEY `curso_id` (`curso_id`),
  KEY `time_id` (`time_id`),
  CONSTRAINT `fact_rendimiento_academico_ibfk_1` FOREIGN KEY (`estudiante_id`) REFERENCES `dim_estudiante` (`estudiante_id`),
  CONSTRAINT `fact_rendimiento_academico_ibfk_2` FOREIGN KEY (`curso_id`) REFERENCES `dim_curso` (`curso_id`),
  CONSTRAINT `fact_rendimiento_academico_ibfk_3` FOREIGN KEY (`time_id`) REFERENCES `dim_time` (`time_id`)
) ENGINE=InnoDB AUTO_INCREMENT=601 DEFAULT CHARSET=utf8mb4 COLLATE=utf8mb4_0900_ai_ci;
/*!40101 SET character_set_client = @saved_cs_client */;

--
-- Dumping data for table `fact_rendimiento_academico`
--

LOCK TABLES `fact_rendimiento_academico` WRITE;
/*!40000 ALTER TABLE `fact_rendimiento_academico` DISABLE KEYS */;
INSERT INTO `fact_rendimiento_academico` VALUES (1,1,377,97,9),(2,1,15,79,1),(3,1,268,88,6),(4,1,120,76,2),(5,1,195,87,5),(6,1,131,73,3),(7,1,154,84,4),(8,1,393,78,10),(9,1,457,78,12),(10,1,348,69,7),(11,1,352,67,8),(12,1,443,73,11),(13,2,215,100,18),(14,2,94,79,13),(15,2,264,97,19),(16,2,101,86,14),(17,2,420,93,24),(18,2,183,88,15),(19,2,186,65,16),(20,2,207,82,17),(21,2,270,84,20),(22,2,376,81,21),(23,2,419,78,23),(24,2,406,68,22),(25,3,24,90,26),(26,3,2,70,25),(27,3,329,86,28),(28,3,409,79,31),(29,3,323,78,27),(30,3,375,75,30),(31,3,364,67,29),(32,4,71,98,34),(33,4,1,93,32),(34,4,352,96,41),(35,4,6,76,33),(36,4,423,92,44),(37,4,85,89,35),(38,4,459,91,45),(39,4,96,78,36),(40,4,133,78,37),(41,4,186,88,38),(42,4,325,68,39),(43,4,329,74,40),(44,4,415,77,42),(45,4,417,73,43),(46,5,2,99,46),(47,5,207,95,52),(48,5,50,75,47),(49,5,128,92,48),(50,5,447,90,60),(51,5,141,69,49),(52,5,446,89,59),(53,5,143,74,50),(54,5,308,87,55),(55,5,145,68,51),(56,5,353,83,57),(57,5,217,72,53),(58,5,227,68,54),(59,5,326,67,56),(60,5,413,69,58),(61,6,70,100,64),(62,6,39,87,61),(63,6,469,99,75),(64,6,45,96,62),(65,6,144,98,66),(66,6,59,70,63),(67,6,85,95,65),(68,6,255,95,70),(69,6,231,92,67),(70,6,239,91,68),(71,6,260,88,71),(72,6,247,86,69),(73,6,457,87,74),(74,6,355,69,72),(75,6,452,72,73),(76,7,339,100,82),(77,7,64,83,76),(78,7,213,99,79),(79,7,133,77,77),(80,7,301,96,81),(81,7,138,82,78),(82,7,411,92,84),(83,7,215,91,80),(84,7,349,65,83),(85,8,13,99,86),(86,8,1,68,85),(87,8,264,96,90),(88,8,473,85,93),(89,8,107,65,87),(90,8,200,83,89),(91,8,130,81,88),(92,8,372,75,92),(93,8,277,71,91),(94,9,192,96,98),(95,9,8,82,94),(96,9,386,95,105),(97,9,74,71,95),(98,9,466,84,109),(99,9,123,70,96),(100,9,129,77,97),(101,9,195,75,99),(102,9,443,75,107),(103,9,198,67,100),(104,9,255,73,101),(105,9,273,69,102),(106,9,276,70,103),(107,9,372,66,104),(108,9,441,69,106),(109,9,458,69,108),(110,10,286,100,118),(111,10,8,89,110),(112,10,190,95,115),(113,10,48,86,111),(114,10,363,92,120),(115,10,71,89,112),(116,10,102,74,113),(117,10,121,76,114),(118,10,462,86,121),(119,10,206,78,116),(120,10,222,82,117),(121,10,339,67,119),(122,10,469,66,122),(123,11,42,99,124),(124,11,30,66,123),(125,11,375,99,132),(126,11,410,96,134),(127,11,56,74,125),(128,11,222,92,130),(129,11,74,66,126),(130,11,441,91,136),(131,11,130,70,127),(132,11,468,89,138),(133,11,156,65,128),(134,11,304,85,131),(135,11,201,74,129),(136,11,407,84,133),(137,11,416,75,135),(138,11,446,66,137),(139,11,496,65,139),(140,12,99,92,140),(141,12,252,90,143),(142,12,127,74,141),(143,12,234,81,142),(144,12,285,80,144),(145,12,480,74,148),(146,12,300,69,145),(147,12,363,66,146),(148,12,466,67,147),(149,13,26,98,150),(150,13,21,70,149),(151,13,70,97,152),(152,13,219,97,158),(153,13,54,74,151),(154,13,453,94,164),(155,13,153,92,157),(156,13,122,75,153),(157,13,144,91,156),(158,13,123,87,154),(159,13,301,89,160),(160,13,127,73,155),(161,13,384,76,161),(162,13,239,75,159),(163,13,386,71,162),(164,13,447,67,163),(165,13,487,67,165),(166,14,263,97,170),(167,14,95,80,166),(168,14,123,96,167),(169,14,264,89,171),(170,14,151,70,168),(171,14,381,84,173),(172,14,251,82,169),(173,14,418,72,174),(174,14,306,66,172),(175,15,376,100,191),(176,15,15,85,175),(177,15,170,99,180),(178,15,78,79,176),(179,15,345,96,190),(180,15,79,71,177),(181,15,172,88,181),(182,15,94,75,178),(183,15,107,84,179),(184,15,247,85,184),(185,15,322,85,189),(186,15,206,68,182),(187,15,386,83,192),(188,15,213,68,183),(189,15,252,79,186),(190,15,251,76,185),(191,15,275,66,187),(192,15,470,72,193),(193,15,300,69,188),(194,16,11,98,194),(195,16,108,94,196),(196,16,66,82,195),(197,16,468,94,207),(198,16,283,93,201),(199,16,114,76,197),(200,16,462,86,206),(201,16,145,70,198),(202,16,268,70,199),(203,16,351,79,205),(204,16,277,66,200),(205,16,329,78,204),(206,16,286,71,202),(207,16,287,68,203),(208,17,154,96,214),(209,17,54,93,208),(210,17,68,66,209),(211,17,366,92,220),(212,17,95,68,210),(213,17,355,91,219),(214,17,108,80,211),(215,17,298,90,217),(216,17,145,82,212),(217,17,151,88,213),(218,17,473,82,222),(219,17,209,72,215),(220,17,413,81,221),(221,17,254,65,216),(222,17,326,75,218),(223,18,262,99,232),(224,18,30,89,223),(225,18,249,97,230),(226,18,99,75,224),(227,18,400,95,237),(228,18,114,87,225),(229,18,295,94,234),(230,18,121,78,226),(231,18,348,93,235),(232,18,173,91,227),(233,18,195,87,228),(234,18,287,90,233),(235,18,198,89,229),(236,18,255,81,231),(237,18,363,78,236),(238,19,417,94,241),(239,19,11,93,238),(240,19,48,78,239),(241,19,122,72,240),(242,20,428,95,249),(243,20,6,91,242),(244,20,36,80,243),(245,20,98,89,244),(246,20,107,87,245),(247,20,110,85,246),(248,20,201,85,248),(249,20,137,68,247),(250,21,46,99,250),(251,21,78,97,252),(252,21,50,81,251),(253,21,304,96,261),(254,21,450,96,268),(255,21,128,91,253),(256,21,298,94,260),(257,21,172,80,254),(258,21,294,93,259),(259,21,199,67,255),(260,21,234,79,256),(261,21,238,89,257),(262,21,273,89,258),(263,21,318,89,262),(264,21,417,89,267),(265,21,453,80,269),(266,21,322,70,263),(267,21,345,65,264),(268,21,482,73,270),(269,21,366,66,265),(270,21,372,71,266),(271,22,54,100,272),(272,22,48,97,271),(273,22,473,100,281),(274,22,131,99,274),(275,22,64,87,273),(276,22,325,95,280),(277,22,162,71,275),(278,22,262,94,278),(279,22,173,89,276),(280,22,254,81,277),(281,22,283,78,279),(282,22,480,78,282),(283,23,11,95,284),(284,23,2,93,283),(285,23,134,92,286),(286,23,121,81,285),(287,23,306,89,289),(288,23,436,84,291),(289,23,151,72,287),(290,23,186,74,288),(291,23,490,80,293),(292,23,419,74,290),(293,23,458,67,292),(294,24,21,100,294),(295,24,199,100,298),(296,24,50,66,295),(297,24,138,99,297),(298,24,108,87,296),(299,24,308,98,302),(300,24,205,86,299),(301,24,454,84,303),(302,24,275,79,300),(303,24,283,82,301),(304,24,465,76,304),(305,25,443,99,313),(306,25,95,82,305),(307,25,198,92,308),(308,25,134,76,306),(309,25,352,91,311),(310,25,154,65,307),(311,25,300,78,310),(312,25,285,67,309),(313,25,410,70,312),(314,26,263,91,316),(315,26,43,81,314),(316,26,74,85,315),(317,26,424,80,318),(318,26,422,67,317),(319,26,453,72,319),(320,27,190,100,323),(321,27,42,78,320),(322,27,127,94,322),(323,27,71,74,321),(324,27,457,82,329),(325,27,349,79,326),(326,27,286,77,324),(327,27,308,74,325),(328,27,424,65,327),(329,27,450,67,328),(330,28,377,97,338),(331,28,43,75,330),(332,28,141,96,334),(333,28,64,66,331),(334,28,407,90,339),(335,28,68,74,332),(336,28,231,84,335),(337,28,139,68,333),(338,28,470,82,340),(339,28,339,77,337),(340,28,301,73,336),(341,29,273,100,349),(342,29,94,95,341),(343,29,490,99,352),(344,29,157,79,342),(345,29,426,96,351),(346,29,161,78,343),(347,29,173,83,344),(348,29,247,88,348),(349,29,190,87,345),(350,29,217,65,346),(351,29,219,65,347),(352,29,364,73,350),(353,30,207,97,359),(354,30,4,92,353),(355,30,413,97,364),(356,30,79,72,354),(357,30,496,95,367),(358,30,101,71,355),(359,30,138,86,356),(360,30,156,72,357),(361,30,201,86,358),(362,30,306,84,360),(363,30,366,81,361),(364,30,381,79,362),(365,30,409,67,363),(366,30,423,67,365),(367,30,424,67,366),(368,31,200,100,373),(369,31,24,73,368),(370,31,268,99,374),(371,31,60,94,369),(372,31,295,99,375),(373,31,68,71,370),(374,31,103,72,371),(375,31,436,91,380),(376,31,170,83,372),(377,31,465,85,382),(378,31,468,84,383),(379,31,454,83,381),(380,31,323,80,376),(381,31,326,81,377),(382,31,391,81,379),(383,31,341,68,378),(384,31,470,74,384),(385,32,102,97,386),(386,32,98,75,385),(387,32,436,96,396),(388,32,409,94,393),(389,32,156,70,387),(390,32,418,92,394),(391,32,200,68,388),(392,32,420,88,395),(393,32,209,72,389),(394,32,217,79,390),(395,32,452,79,397),(396,32,234,76,391),(397,32,260,74,392),(398,33,239,91,403),(399,33,36,82,398),(400,33,351,91,405),(401,33,134,81,399),(402,33,376,91,407),(403,33,206,90,400),(404,33,220,77,401),(405,33,251,87,404),(406,33,222,69,402),(407,33,406,84,408),(408,33,441,83,409),(409,33,355,79,406),(410,34,411,99,412),(411,34,213,69,410),(412,34,391,89,411),(413,34,458,87,414),(414,34,418,74,413),(415,35,232,100,419),(416,35,60,84,415),(417,35,166,92,417),(418,35,133,88,416),(419,35,391,92,421),(420,35,496,90,424),(421,35,172,88,418),(422,35,262,82,420),(423,35,465,66,422),(424,35,482,67,423),(425,36,39,99,425),(426,36,377,98,434),(427,36,101,77,426),(428,36,166,86,428),(429,36,143,78,427),(430,36,309,86,432),(431,36,227,76,429),(432,36,275,78,431),(433,36,263,71,430),(434,36,318,66,433),(435,36,426,71,435),(436,37,199,98,441),(437,37,56,97,436),(438,37,205,98,442),(439,37,78,77,437),(440,37,96,87,438),(441,37,249,88,443),(442,37,139,72,439),(443,37,162,80,440),(444,37,428,79,445),(445,37,415,74,444),(446,38,15,100,446),(447,38,345,97,458),(448,38,26,96,447),(449,38,30,80,448),(450,38,114,96,451),(451,38,59,85,449),(452,38,353,94,459),(453,38,66,83,450),(454,38,238,90,454),(455,38,149,69,452),(456,38,327,84,457),(457,38,215,77,453),(458,38,416,81,460),(459,38,260,69,455),(460,38,325,67,456),(461,39,270,89,464),(462,39,4,82,461),(463,39,59,86,462),(464,39,96,78,463),(465,39,462,74,468),(466,39,309,65,465),(467,39,459,73,467),(468,39,322,68,466),(469,40,85,99,472),(470,40,43,76,469),(471,40,415,95,479),(472,40,45,84,470),(473,40,341,89,477),(474,40,60,79,471),(475,40,139,87,473),(476,40,285,87,475),(477,40,252,83,474),(478,40,323,78,476),(479,40,348,74,478),(480,41,13,99,481),(481,41,4,67,480),(482,41,110,99,483),(483,41,149,98,484),(484,41,46,92,482),(485,41,482,94,488),(486,41,220,91,485),(487,41,295,89,487),(488,41,270,65,486),(489,41,487,87,489),(490,42,141,100,496),(491,42,39,71,490),(492,42,327,99,500),(493,42,45,67,491),(494,42,232,97,497),(495,42,79,78,492),(496,42,393,86,501),(497,42,99,74,493),(498,42,469,82,502),(499,42,103,77,494),(500,42,120,77,495),(501,42,294,65,498),(502,42,304,68,499),(503,43,162,99,505),(504,43,110,94,503),(505,43,276,99,507),(506,43,149,79,504),(507,43,466,97,511),(508,43,209,71,506),(509,43,384,90,509),(510,43,410,86,510),(511,43,341,77,508),(512,44,254,100,520),(513,44,56,70,512),(514,44,407,99,521),(515,44,70,83,513),(516,44,157,98,517),(517,44,92,76,514),(518,44,419,97,523),(519,44,98,94,515),(520,44,103,78,516),(521,44,232,90,519),(522,44,192,85,518),(523,44,416,74,522),(524,45,384,99,529),(525,45,21,78,524),(526,45,128,94,527),(527,45,26,84,525),(528,45,426,91,530),(529,45,42,74,526),(530,45,446,89,531),(531,45,131,82,528),(532,45,454,69,532),(533,46,192,100,535),(534,46,161,79,533),(535,46,480,93,539),(536,46,183,65,534),(537,46,249,91,536),(538,46,349,80,537),(539,46,422,69,538),(540,47,353,97,552),(541,47,1,67,540),(542,47,309,96,550),(543,47,6,81,541),(544,47,294,95,549),(545,47,66,83,542),(546,47,422,94,555),(547,47,92,85,543),(548,47,166,93,545),(549,47,157,87,544),(550,47,183,68,546),(551,47,318,84,551),(552,47,231,80,547),(553,47,277,80,548),(554,47,400,65,553),(555,47,411,65,554),(556,48,227,97,562),(557,48,46,66,556),(558,48,137,82,560),(559,48,120,79,557),(560,48,276,80,564),(561,48,129,79,558),(562,48,130,70,559),(563,48,205,77,561),(564,48,238,75,563),(565,48,420,70,565),(566,49,487,98,581),(567,49,24,93,566),(568,49,428,97,579),(569,49,36,90,567),(570,49,92,67,568),(571,49,406,92,578),(572,49,122,65,569),(573,49,129,85,570),(574,49,143,87,571),(575,49,153,87,572),(576,49,161,69,573),(577,49,381,85,577),(578,49,170,79,574),(579,49,351,69,575),(580,49,459,77,580),(581,49,375,66,576),(582,50,137,100,585),(583,50,8,81,582),(584,50,450,94,598),(585,50,13,85,583),(586,50,490,91,600),(587,50,102,71,584),(588,50,327,88,592),(589,50,144,68,586),(590,50,400,83,595),(591,50,153,76,587),(592,50,447,82,597),(593,50,219,77,588),(594,50,220,80,589),(595,50,287,81,590),(596,50,298,69,591),(597,50,364,68,593),(598,50,393,75,594),(599,50,423,75,596),(600,50,452,73,599);
/*!40000 ALTER TABLE `fact_rendimiento_academico` ENABLE KEYS */;
UNLOCK TABLES;
/*!40103 SET TIME_ZONE=@OLD_TIME_ZONE */;

/*!40101 SET SQL_MODE=@OLD_SQL_MODE */;
/*!40014 SET FOREIGN_KEY_CHECKS=@OLD_FOREIGN_KEY_CHECKS */;
/*!40014 SET UNIQUE_CHECKS=@OLD_UNIQUE_CHECKS */;
/*!40101 SET CHARACTER_SET_CLIENT=@OLD_CHARACTER_SET_CLIENT */;
/*!40101 SET CHARACTER_SET_RESULTS=@OLD_CHARACTER_SET_RESULTS */;
/*!40101 SET COLLATION_CONNECTION=@OLD_COLLATION_CONNECTION */;
/*!40111 SET SQL_NOTES=@OLD_SQL_NOTES */;

-- Dump completed on 2024-06-27 11:05:59
